country,buyName,commandPower,score,captureWeight,cooldown,mp,unlockTime,group,types,c1,c2,c3,c4,c5,c6,c7,c8,c9,newSquadMp,newSquadCp
eng,smgs,6.5,6.5,6.5,3,380.0,0.0,squad_2,squad_with6types,"['squadleader2', '1']","['squadleader_asst', '1']","['rifle2', '3']","['smg2', '3']","['mgun', '1']","['mgun_asst', '1']",['n/a'],['n/a'],['n/a'],555,3.8095
eng,pioneers,12.0,12.0,12.0,4,445.0,0.0,squad_2,squad_with9types,"['pioneer_sl', '1']","['pioneer_flamer', '1']","['pioneer_mg', '1']","['pioneer_at', '1']","['pioneer_rifle1', '1']","['pioneer_rifle2', '1']","['pioneer_rifle3', '4']","['pioneer_rifle4', '1']","['pioneer_rifle5', '1']",445.2400000000001,4.452400000000001
eng,riflemans_can,6.0,6.0,6.0,3,373.0,0.0,squad_3,squad_with4types,"['squadleader_can', '1']","['rifle3', '7']","['mgun2', '1']","['mgun2_asst', '1']",['n/a'],['n/a'],['n/a'],['n/a'],['n/a'],373.0,3.73
eng,riflemans,8.25,8.25,8.25,3,381.0,0.0,squad_3,squad_with7types,"['squadleader', '1']","['squadleader_asst', '1']","['rifle', '4']","['rifle_grenadier', '1']","['mgun', '1']","['mgun_asst', '1']","['rifle_at', '1']",['n/a'],['n/a'],381.7750000000001,3.8177499999999993
eng,riflemans_at,8.5,9.0,8.5,3,381.0,0.0,squad_3,squad_with6types,"['squadleader', '1']","['squadleader_asst', '1']","['rifle', '5']","['bazooker', '1']","['mgun', '1']","['mgun_asst', '1']",['n/a'],['n/a'],['n/a'],381.7000000000001,3.8169999999999997
eng,riflemans_scot,12.5,12.5,12.5,3,382.0,0.0,squad_3,squad_with4types,"['squadleader_scot', '1']","['rifle_scot', '7']","['mgun_scot', '1']","['mgun_scot_asst', '1']",['n/a'],['n/a'],['n/a'],['n/a'],['n/a'],382.15,3.8214999999999995
eng,mech_rifles,8.25,8.25,8.25,3,381.0,72.0,squad_33,squad_with7types_vehicle,"['squadleader', '1']","['squadleader_asst', '1']","['rifle', '4']","['rifle_grenadier', '1']","['mgun', '1']","['mgun_asst', '1']","['rifle_at', '1']",['n/a'],['n/a'],381.7750000000001,3.8177499999999993
eng,elites_40,10.75,10.75,10.75,5,587.0,0.0,squad_5,squad_with4types,"['elite_cpl', '1']","['elite_40', '3']","['elite2_40', '4']","['elite3', '2']",['n/a'],['n/a'],['n/a'],['n/a'],['n/a'],587.5250000000002,5.875249999999999
eng,elites,12.0,12.0,12.0,5,588.0,0.0,squad_5,squad_with6types,"['elite_cpl', '1']","['elite_2ic', '1']","['elite', '2']","['elite2', '2']","['elite3', '2']","['elite3_asst', '2']",['n/a'],['n/a'],['n/a'],588.4000000000001,5.8839999999999995
eng,paratroopers,15.5,15.5,15.5,6,639.0,0.0,squad_5,squad_with6types,"['para_cpl', '1']","['para_2ic', '1']","['para2', '3']","['para4', '2']","['para', '2']","['para_mortar', '1']",['n/a'],['n/a'],['n/a'],639.5500000000002,6.395499999999999
eng,stormtroopers,13.5,13.5,13.5,6,642.0,0.0,squad_5,squad_with7types,"['sturmovik_cpl', '1']","['sturmovik_2ic', '1']","['sturmovik3', '1']","['sturmovik4', '1']","['sturmovik6', '2']","['sturmovik6b', '2']","['sturmovik4b', '2']",['n/a'],['n/a'],642.95,6.429499999999999
eng,paratroopers_drop,15.5,15.5,15.5,6,639.0,0.0,squad_5,squad_with6types_vehicle,"['para_cpl', '1']","['para_2ic', '1']","['para2', '3']","['para4', '2']","['para', '2']","['para_mortar', '1']",['n/a'],['n/a'],['n/a'],639.5500000000002,6.395499999999999
eng,stormtroopers_drop,13.5,13.5,13.5,6,642.0,0.0,squad_5,squad_with7types_vehicle,"['sturmovik_cpl', '1']","['sturmovik_2ic', '1']","['sturmovik3', '1']","['sturmovik4', '1']","['sturmovik6', '2']","['sturmovik6b', '2']","['sturmovik4b', '2']",['n/a'],['n/a'],642.95,6.429499999999999
eng,ap_miners,4.0,4.0,4.0,1,147.0,1.0,squad_7,squad_with1types,"['ap_miner', '4']",['n/a'],['n/a'],['n/a'],['n/a'],['n/a'],['n/a'],['n/a'],['n/a'],147.08000000000007,1.4708
eng,at_miners,4.0,4.0,4.0,1,147.0,1.0,squad_8,squad_with1types,"['at_miner', '4']",['n/a'],['n/a'],['n/a'],['n/a'],['n/a'],['n/a'],['n/a'],['n/a'],147.48000000000005,1.4748
eng,sappers,2.0,2.0,2.0,0,73.0,0.0,squad_9,squad_with1types,"['saper', '2']",['n/a'],['n/a'],['n/a'],['n/a'],['n/a'],['n/a'],['n/a'],['n/a'],73.74000000000002,0.7374
eng,vehic_supporter,1.0,4.0,0.5,0,75.0,0.0,soldier_3,squad_with1types,"['vehicle_supporter', '2']",['n/a'],['n/a'],['n/a'],['n/a'],['n/a'],['n/a'],['n/a'],['n/a'],75.13000000000001,0.7513
eng,tankmans,1.5,7.0,1.5,1,165.0,2.0,soldier_3,squad_with2types,"['tankman2', '1']","['tankman', '4']",['n/a'],['n/a'],['n/a'],['n/a'],['n/a'],['n/a'],['n/a'],165.59999999999997,1.6560000000000001
eng,elite_tankmans,0.5,2.2,0.5,0,37.0,0.0,soldier_3,squad_with1types,"['vet_tankman2', '1']",['n/a'],['n/a'],['n/a'],['n/a'],['n/a'],['n/a'],['n/a'],['n/a'],37.94999999999998,0.37949999999999995
eng,riflemans2,0.75,0.75,0.75,0,36.0,0.0,soldier_1,squad_with1types,"['rifle', '1']",['n/a'],['n/a'],['n/a'],['n/a'],['n/a'],['n/a'],['n/a'],['n/a'],36.99500000000002,0.36994999999999995
eng,smgs2,0.75,0.75,0.75,0,36.0,0.0,soldier_2,squad_with1types,"['smg', '1']",['n/a'],['n/a'],['n/a'],['n/a'],['n/a'],['n/a'],['n/a'],['n/a'],36.89500000000002,0.36894999999999994
eng,at_rifles,2.0,3.0,2.0,0,74.0,0.0,soldier_4,squad_with2types,"['at_rifle', '1']","['at_rifle2', '1']",['n/a'],['n/a'],['n/a'],['n/a'],['n/a'],['n/a'],['n/a'],74.04000000000002,0.7404000000000001
eng,bazookers,2.0,3.0,2.0,0,73.0,0.0,soldier_5,squad_with2types,"['bazooker', '1']","['bazooker2', '1']",['n/a'],['n/a'],['n/a'],['n/a'],['n/a'],['n/a'],['n/a'],73.84000000000002,0.7384000000000001
eng,stormtrooper5,2.5,2.5,2.5,1,128.0,0.0,soldier_5,squad_with2types,"['sturmovik5', '1']","['sturmovik5b', '1']",['n/a'],['n/a'],['n/a'],['n/a'],['n/a'],['n/a'],['n/a'],128.53000000000003,1.2852999999999999
eng,mgs2,0.75,0.75,0.75,0,36.0,0.0,soldier_6,squad_with1types,"['mgun', '1']",['n/a'],['n/a'],['n/a'],['n/a'],['n/a'],['n/a'],['n/a'],['n/a'],36.99500000000002,0.36994999999999995
eng,elite3,3.0,3.0,3.0,1,176.0,1.0,squad_4,squad_with2types,"['elite3', '1']","['elite2', '2']",['n/a'],['n/a'],['n/a'],['n/a'],['n/a'],['n/a'],['n/a'],176.04000000000008,1.7604
eng,stormtrooper6,3.75,3.75,3.75,1,192.0,1.0,squad_4,squad_with2types,"['sturmovik6', '1']","['sturmovik6b', '2']",['n/a'],['n/a'],['n/a'],['n/a'],['n/a'],['n/a'],['n/a'],192.79500000000004,1.9279499999999998
eng,flamers,2.0,2.0,2.0,0,73.0,0.0,soldier_8,squad_with2types,"['flamer', '1']","['flamer2', '1']",['n/a'],['n/a'],['n/a'],['n/a'],['n/a'],['n/a'],['n/a'],73.74000000000002,0.7374
eng,snipers,5.0,8.0,2.0,0,58.0,0.0,soldier_9,squad_with1types,"['sniper', '1']",['n/a'],['n/a'],['n/a'],['n/a'],['n/a'],['n/a'],['n/a'],['n/a'],58.8,0.588
eng,officers,-10.0,20.0,10.0,0,49.0,0.0,soldier_10,squad_with1types,"['oficer', '1']",['n/a'],['n/a'],['n/a'],['n/a'],['n/a'],['n/a'],['n/a'],['n/a'],49.6,0.496
eng,snipers_d,5.0,8.0,2.0,0,58.0,0.0,soldier_12,squad_with1types,"['sniper', '1']",['n/a'],['n/a'],['n/a'],['n/a'],['n/a'],['n/a'],['n/a'],['n/a'],58.8,0.588
ger,home_guards,2.5,2.5,2.5,3,309.0,0.0,squad_1,squad_with4types,"['home_guard', '4']","['home_guard2', '2']","['home_guard3', '2']","['home_guard4', '2']",['n/a'],['n/a'],['n/a'],['n/a'],['n/a'],309.80999999999995,3.0981000000000005
ger,volksgrens,4.0,4.0,4.0,2,250.0,0.0,squad_2,squad_with7types,"['volksgren_sl_smg', '1']","['volksgren_sl_asst', '1']","['volksgren_mg', '1']","['volksgren_mg_asst', '1']","['volksgren_rifle', '1']","['volksgren_pzfst', '2']","['volksgren_grenadier', '1']",['n/a'],['n/a'],250.36,2.5036
ger,volksgrens_sturm,4.5,4.5,4.5,2,281.0,0.0,squad_2,squad_with6types,"['volksgren_sl_stg', '1']","['volksgren_sl_asst', '1']","['volksgren_stg44', '3']","['volksgren_pzfst2', '2']","['volksgren_smg', '1']","['volksgren_sa', '1']",['n/a'],['n/a'],['n/a'],281.355,2.81355
ger,volksgrens_heavy,4.5,4.5,4.5,2,281.0,0.0,squad_2,squad_with7types,"['volksgren_sl_stg', '1']","['volksgren_sl_asst', '1']","['volksgren_stg44', '1']","['volksgren_pzfst2', '2']","['volksgren_mg', '2']","['volksgren_mg_asst2', '1']","['volksgren_mg_asst3', '1']",['n/a'],['n/a'],281.75500000000005,2.8175500000000007
ger_ss,ssvts_44,4.5,4.5,4.5,2,291.0,0.0,squad_1,squad_with6types,"['ssvt_sl', '1']","['ssvt_sl_asst', '1']","['ssvt_rifle', '5']","['ssvt_mg', '1']","['ssvt_mg_asst', '1']",['n/a'],['n/a'],['n/a'],['n/a'],291.65500000000003,2.91655
ger_ss,kosaken_44,4.5,4.5,4.5,2,281.0,0.0,squad_1,squad_with6types,"['kosaken_sl', '1']","['kosaken_sl_asst', '1']","['kosaken_smg', '1']","['kosaken_rifle', '4']","['kosaken_mg', '1']","['kosaken_mg_asst', '1']",['n/a'],['n/a'],['n/a'],281.055,2.81055
ger,sturmgrens_44,7.75,7.75,7.75,3,304.0,0.0,squad_22,squad_with4types,"['squadleader2', '1']","['sturmgren_sl_asst', '1']","['sturmgren_sg44', '4']","['sturmgren_sg44_pzfst', '2']",['n/a'],['n/a'],['n/a'],['n/a'],['n/a'],304.21000000000004,3.0421
ger,sturmgrens_44_mech,8.75,11.75,8.25,3,379.0,3.0,squad_22,squad_with5types_vehicle,"['vehicle_supporter', '2']","['squadleader2', '1']","['sturmgren_sl_asst', '1']","['sturmgren_sg44', '4']","['sturmgren_sg44_pzfst', '2']",['n/a'],['n/a'],['n/a'],['n/a'],379.3400000000001,3.7934
ger,grenadiers_44,9.25,9.25,9.25,3,347.0,0.0,squad_33,squad_with8types,"['squadleader', '1']","['grenadier_ober_44', '1']","['grenadier_sa_44', '1']","['grenadier_rifle_44', '1']","['grenadier_rifle_grenadier', '1']","['grenadier_pzfst', '2']","['grenadier_mg', '1']","['grenadier_mg_asst', '1']",['n/a'],347.50500000000005,3.47505
ger_ss,grenadiers_44,9.75,9.75,9.75,3,352.0,0.0,squad_3,squad_with8types,"['grenadier_sl', '1']","['grenadier_sl_asst_44', '1']","['grenadier_stg', '1']","['grenadier_sa_44', '2']","['grenadier_pzfst', '1']","['grenadier_mg', '1']","['grenadier_mg_asst', '1']","['grenadier_rifle_grenadier3', '1']",['n/a'],352.2300000000001,3.5223
ger_ss,sturmgrens,11.0,11.0,11.0,3,378.0,0.0,squad_sturm,squad_with7types,"['sturmgren_sl', '1']","['sturmgren_sl_asst', '1']","['sturmgren_stg', '2']","['sturmgren_stg_pzf', '1']","['sturmgren_smg', '2']","['sturmgren_sa', '1']","['sturmgren_sa_scope', '1']",['n/a'],['n/a'],378.40500000000003,3.78405
ger_ss,sturmgrens_heavy,11.0,11.0,11.0,3,378.0,0.0,squad_sturm,squad_with7types,"['sturmgren_sl', '1']","['sturmgren_sl_asst', '1']","['sturmgren_stg', '1']","['sturmgren_stg_pzf', '1']","['sturmgren_mg', '2']","['sturmgren_mg_asst', '2']","['sturmgren_sa_scope', '1']",['n/a'],['n/a'],378.805,3.7880499999999997
ger_ss,gebirgs_44,11.25,11.25,11.25,3,384.0,0.0,squad_3,squad_with6types,"['gebirgs_sl', '1']","['gebirgs_sl_asst_k98', '1']","['gebirgs_pzfst', '2']","['gebirgs_rifle', '3']","['gebirgs_mg', '1']","['gebirgs_mg_asst', '1']",['n/a'],['n/a'],['n/a'],384.18,3.8418
ger_ss,gebirgs_cqc_44,11.25,11.25,11.25,3,384.0,0.0,squad_3,squad_with6types,"['gebirgs_sl', '1']","['gebirgs_sl_asst', '1']","['gebirgs_pzfst_ber', '2']","['gebirgs_smg', '3']","['gebirgs_mg', '1']","['gebirgs_mg_asst', '1']",['n/a'],['n/a'],['n/a'],384.18,3.8418
ger,fusiliers_44,11.25,11.25,11.25,3,385.0,0.0,squad_33,squad_with8types,"['fusilier_sl', '1']","['fusilier_sl_asst', '1']","['fusilier_stg', '2']","['fusilier_sa', '1']","['fusilier_pzfst_sa', '1']","['fusilier_pzfst', '1']","['fusilier_mg', '1']","['fusilier_mg_asst', '1']",['n/a'],385.1000000000001,3.851
ger,jagers_44,12.5,12.5,12.5,4,427.0,0.0,squad_33,squad_with8types,"['jager_sl_stg', '1']","['jager_sl_stg_asst', '1']","['jager_stg', '1']","['jager_smg', '3']","['jager_sa', '1']","['jager_pzfst', '1']","['jager_mg', '1']","['jager_mg_asst', '1']",['n/a'],427.8400000000001,4.2783999999999995
ger_ss,sturmpios,10.25,10.25,10.25,3,379.0,0.0,squad_3,squad_with9types,"['sturmpio_sl', '1']","['sturmpio1', '1']","['sturmpio2', '1']","['sturmpio3', '1']","['sturmpio4', '2']","['pzgren_pio_flamer', '1']","['sturmpio_mg', '1']","['sturmpio_mg_asst', '1']","['sturmpio_at', '1']",379.2850000000001,3.79285
ger,pzgren_pios,10.25,10.25,10.25,3,379.0,0.0,squad_34,squad_with8types,"['pzgren_pio_sl', '1']","['pzgren_pio1', '1']","['pzgren_pio2', '1']","['pzgren_pio3', '1']","['pzgren_pio_flamer', '1']","['pzgren_pio_mg', '2']","['pzgren_pio_mg_asst', '2']","['pzgren_pio_at', '1']",['n/a'],379.58500000000004,3.79585
ger,stormtroopers_44,11.25,11.25,11.25,4,493.0,0.0,squad_34,squad_with7types,"['sturmovik_sl', '1']","['sturmovik_sl_asst', '1']","['sturmovik_pzfst_stg', '1']","['sturmovik2', '1']","['sturmovik_pzfst_sa', '1']","['sturmovik6', '2']","['sturmovik6b', '2']",['n/a'],['n/a'],493.48500000000007,4.934849999999999
ger,pzgren_mech,11.75,13.25,11.5,5,531.0,5.0,squad_34,squad_with8types_vehicle,"['vehicle_supporter', '1']","['sturmovik_sl_asst', '1']","['sturmovik_sl', '1']","['sturmovik_pzfst_stg', '1']","['sturmovik2', '1']","['sturmovik_pzfst_sa', '1']","['sturmovik6', '2']","['sturmovik6b', '2']",['n/a'],531.0500000000002,5.310499999999999
ger,grenadiers_elite,15.75,15.75,15.75,3,386.0,0.0,squad_5,squad_with7types,"['gd_pzgren_sl_stg', '1']","['gd_pzgren_sl_asst_stg', '1']","['gd_pzgren_pzfst_stg', '1']","['gd_pzgren_sa_scope', '1']","['gd_pzgren_pzfst_sa', '1']","['gd_pzgren_mg', '2']","['gd_pzgren_mg_asst', '2']",['n/a'],['n/a'],386.80999999999995,3.8681
ger_ss,pzgrens_44,11.25,11.25,11.25,3,384.0,0.0,squad_55,squad_with7types,"['pzgren_sl_stg', '1']","['pzgren_sl_asst_pzfst', '1']","['pzgren_stg', '1']","['pzgren_pzfst_sa', '1']","['pzgren_pzfst', '1']","['pzgren_mg', '2']","['pzgren_mg_asst', '2']",['n/a'],['n/a'],384.47999999999996,3.8447999999999993
ger_ss,pzgren_mech,12.75,17.25,12.0,4,497.0,4.0,squad_55,squad_with8types_vehicle,"['vehicle_supporter', '3']","['pzgren_sl_stg', '1']","['pzgren_sl_asst_pzfst', '1']","['pzgren_stg', '1']","['pzgren_pzfst_sa', '1']","['pzgren_pzfst', '1']","['pzgren_mg', '2']","['pzgren_mg_asst', '2']",['n/a'],497.17500000000007,4.97175
ger_ss,tk_pzgrens_44,16.5,16.5,16.5,4,470.0,0.0,squad_5,squad_with9types,"['tk_pzgren_sl', '1']","['tk_pzgren_sl_asst', '1']","['tk_pzgren_pzfst_stg', '1']","['tk_pzgren_sa', '1']","['tk_pzgren_pzfst60_sa', '1']","['tk_pzgren_pzfst', '1']","['tk_pzgren_rifle', '1']","['tk_pzgren_mg', '2']","['tk_pzgren_mg_asst', '2']",470.6649999999999,4.706650000000001
ger_ss,lssah_pzgrens_44,19.25,19.25,19.25,4,471.0,0.0,squad_5,squad_with9types,"['lssah_pzgren_sl_stg', '1']","['lssah_pzgren_sl_asst_sa', '1']","['lssah_pzgren_pzfst_stg', '1']","['lssah_pzgren_pzfst', '1']","['lssah_pzgren_pzfst60_sa', '1']","['lssah_pzgren_mg', '2']","['lssah_pzgren_mg_asst', '2']","['lssah_pzgren_at', '1']","['lssah_pzgren_at2', '1']",471.83,4.718299999999999
ger_ss,lssah_mech,18.0,19.5,17.75,4,466.0,0.0,squad_5,squad_with10types_vehicle,"['vehicle_supporter', '1']","['lssah_pzgren_sl_stg', '1']","['lssah_pzgren_sl_asst_sa', '1']","['lssah_pzgren_pzfst_stg', '1']","['lssah_pzgren_pzfst', '1']","['lssah_pzgren_pzfst60_sa', '1']","['lssah_pzgren_mg', '2']","['lssah_pzgren_mg_asst', '2']","['lssah_pzgren_at', '1']",466.5849999999999,4.66585
ger,gebirgsjager_44,17.5,17.5,17.5,6,669.0,0.0,squad_5,squad_with7types,"['gebirgsjager_sl_stg', '1']","['gebirgsjager_sl_asst_stg', '1']","['gebirgsjager_stg', '2']","['gebirgsjager_smg', '3']","['gebirgsjager_pzfst_sa', '1']","['gebirgsjager_mg', '1']","['gebirgsjager_mg_asst', '1']",['n/a'],['n/a'],669.1999999999999,6.692000000000001
ger,elites_44,13.5,13.5,13.5,6,642.0,0.0,squad_5,squad_with7types,"['fallschirm_sl', '1']","['fallschirm_sl_asst_fg_44', '1']","['fallschirm_sniper', '1']","['fallschirm_grenadier', '2']","['fallschirm_pzfst_stg', '1']","['fallschirm_mg', '2']","['fallschirm_mg_asst', '2']",['n/a'],['n/a'],642.9000000000003,6.428999999999999
ger_ss,elites_44,12.0,12.0,12.0,7,717.0,7.0,squad_6,squad_with7types,"['fallschirm_sl', '1']","['fallschirm_sl_asst_smg', '1']","['fallschirm_smg', '2']","['fallschirm_rifle', '4']","['fallschirm_mg', '2']","['fallschirm_mg_asst', '2']",['n/a'],['n/a'],['n/a'],717.1400000000003,7.1714
ger_ss,elites_44_drop,12.0,12.0,12.0,7,717.0,7.0,squad_6,squad_with7types_vehicle,"['fallschirm_sl', '1']","['fallschirm_sl_asst_smg', '1']","['fallschirm_smg', '2']","['fallschirm_rifle', '4']","['fallschirm_mg', '2']","['fallschirm_mg_asst', '2']",['n/a'],['n/a'],['n/a'],717.1400000000003,7.1714
ger,elites_44_drop,13.5,13.5,13.5,6,642.0,0.0,squad_5,squad_with7types_vehicle,"['fallschirm_sl', '1']","['fallschirm_sl_asst_fg_44', '1']","['fallschirm_sniper', '1']","['fallschirm_grenadier', '2']","['fallschirm_pzfst_stg', '1']","['fallschirm_mg', '2']","['fallschirm_mg_asst', '2']",['n/a'],['n/a'],642.9000000000003,6.428999999999999
ger_ss,ap_miners,4.0,4.0,4.0,1,147.0,1.0,squad_7,squad_with1types,"['ap_miner', '4']",['n/a'],['n/a'],['n/a'],['n/a'],['n/a'],['n/a'],['n/a'],['n/a'],147.08000000000007,1.4708
ger,ap_miners,4.0,4.0,4.0,1,147.0,1.0,squad_7,squad_with1types,"['ap_miner', '4']",['n/a'],['n/a'],['n/a'],['n/a'],['n/a'],['n/a'],['n/a'],['n/a'],147.08000000000007,1.4708
ger_ss,at_miners,4.0,4.0,4.0,1,147.0,1.0,squad_8,squad_with1types,"['at_miner', '4']",['n/a'],['n/a'],['n/a'],['n/a'],['n/a'],['n/a'],['n/a'],['n/a'],147.48000000000005,1.4748
ger,at_miners,4.0,4.0,4.0,1,147.0,1.0,squad_8,squad_with1types,"['at_miner', '4']",['n/a'],['n/a'],['n/a'],['n/a'],['n/a'],['n/a'],['n/a'],['n/a'],147.48000000000005,1.4748
ger_ss,sappers,2.0,2.0,2.0,0,73.0,0.0,squad_9,squad_with1types,"['saper', '2']",['n/a'],['n/a'],['n/a'],['n/a'],['n/a'],['n/a'],['n/a'],['n/a'],73.74000000000002,0.7374
ger,sappers,2.0,2.0,2.0,0,73.0,0.0,squad_9,squad_with1types,"['saper', '2']",['n/a'],['n/a'],['n/a'],['n/a'],['n/a'],['n/a'],['n/a'],['n/a'],73.74000000000002,0.7374
ger_ss,vehic_supporter,1.0,4.0,0.5,0,75.0,0.0,soldier_3,squad_with1types,"['vehicle_supporter', '2']",['n/a'],['n/a'],['n/a'],['n/a'],['n/a'],['n/a'],['n/a'],['n/a'],75.13000000000001,0.7513
ger,vehic_supporter,1.0,4.0,0.5,0,75.0,0.0,soldier_3,squad_with1types,"['vehicle_supporter', '2']",['n/a'],['n/a'],['n/a'],['n/a'],['n/a'],['n/a'],['n/a'],['n/a'],75.13000000000001,0.7513
ger_ss,tankmans,1.5,7.0,1.5,1,165.0,2.0,soldier_3,squad_with2types,"['tankman2', '1']","['tankman', '4']",['n/a'],['n/a'],['n/a'],['n/a'],['n/a'],['n/a'],['n/a'],165.59999999999997,1.6560000000000001
ger,tankmans,1.5,7.0,1.5,1,165.0,2.0,soldier_3,squad_with2types,"['tankman2', '1']","['tankman', '4']",['n/a'],['n/a'],['n/a'],['n/a'],['n/a'],['n/a'],['n/a'],165.59999999999997,1.6560000000000001
ger_ss,elite_tankmans,0.5,2.2,0.5,0,37.0,0.0,soldier_3,squad_with1types,"['vet_tankman2', '1']",['n/a'],['n/a'],['n/a'],['n/a'],['n/a'],['n/a'],['n/a'],['n/a'],37.94999999999998,0.37949999999999995
ger,elite_tankmans,0.5,2.2,0.5,0,37.0,0.0,soldier_3,squad_with1types,"['vet_tankman2', '1']",['n/a'],['n/a'],['n/a'],['n/a'],['n/a'],['n/a'],['n/a'],['n/a'],37.94999999999998,0.37949999999999995
ger_ss,riflemans2,1.0,1.0,1.0,0,37.0,0.0,soldier_1,squad_with1types,"['grenadier_rifle', '1']",['n/a'],['n/a'],['n/a'],['n/a'],['n/a'],['n/a'],['n/a'],['n/a'],37.345000000000006,0.37345
ger,riflemans2,1.0,1.0,1.0,0,37.0,0.0,soldier_1,squad_with1types,"['grenadier_rifle', '1']",['n/a'],['n/a'],['n/a'],['n/a'],['n/a'],['n/a'],['n/a'],['n/a'],37.345000000000006,0.37345
ger_ss,grenadier_sa,1.0,1.0,1.0,0,37.0,0.0,soldier_sa,squad_with1types,"['grenadier_sa', '1']",['n/a'],['n/a'],['n/a'],['n/a'],['n/a'],['n/a'],['n/a'],['n/a'],37.345000000000006,0.37345
ger,grenadier_sa,1.0,1.0,1.0,0,37.0,0.0,soldier_sa,squad_with1types,"['grenadier_sa', '1']",['n/a'],['n/a'],['n/a'],['n/a'],['n/a'],['n/a'],['n/a'],['n/a'],37.345000000000006,0.37345
ger_ss,smgs2_40,1.0,1.0,1.0,0,37.0,0.0,soldier_2,squad_with1types,"['grenadier_smg', '1']",['n/a'],['n/a'],['n/a'],['n/a'],['n/a'],['n/a'],['n/a'],['n/a'],37.345000000000006,0.37345
ger,smgs2_40,1.0,1.0,1.0,0,37.0,0.0,soldier_2,squad_with1types,"['grenadier_smg', '1']",['n/a'],['n/a'],['n/a'],['n/a'],['n/a'],['n/a'],['n/a'],['n/a'],37.345000000000006,0.37345
ger,grenadier_stg,1.0,1.0,1.0,0,37.0,0.0,soldier_stg,squad_with1types,"['grenadier_stg', '1']",['n/a'],['n/a'],['n/a'],['n/a'],['n/a'],['n/a'],['n/a'],['n/a'],37.345000000000006,0.37345
ger_ss,grenadier_stg,1.0,1.0,1.0,0,37.0,0.0,soldier_stg,squad_with1types,"['grenadier_stg', '1']",['n/a'],['n/a'],['n/a'],['n/a'],['n/a'],['n/a'],['n/a'],['n/a'],37.345000000000006,0.37345
ger,at_rifles,2.0,3.0,2.0,0,74.0,0.0,soldier_4,squad_with2types,"['at_rifle', '1']","['at_rifle2', '1']",['n/a'],['n/a'],['n/a'],['n/a'],['n/a'],['n/a'],['n/a'],74.04000000000002,0.7404000000000001
ger_ss,at_rifles,2.0,3.0,2.0,0,74.0,0.0,soldier_4,squad_with2types,"['at_rifle', '1']","['at_rifle2', '1']",['n/a'],['n/a'],['n/a'],['n/a'],['n/a'],['n/a'],['n/a'],74.04000000000002,0.7404000000000001
ger_ss,bazookers,2.0,3.0,2.0,0,73.0,0.0,soldier_5,squad_with2types,"['bazooker', '1']","['bazooker2', '1']",['n/a'],['n/a'],['n/a'],['n/a'],['n/a'],['n/a'],['n/a'],73.84000000000002,0.7384000000000001
ger_ss,bazooker3,2.0,3.0,2.0,0,74.0,0.0,soldier_5,squad_with1types,"['bazooker3', '2']",['n/a'],['n/a'],['n/a'],['n/a'],['n/a'],['n/a'],['n/a'],['n/a'],74.79,0.7479
ger,bazookers,2.0,3.0,2.0,0,73.0,0.0,soldier_5,squad_with2types,"['bazooker', '1']","['bazooker2', '1']",['n/a'],['n/a'],['n/a'],['n/a'],['n/a'],['n/a'],['n/a'],73.84000000000002,0.7384000000000001
ger,bazooker3,2.0,3.0,2.0,0,74.0,0.0,soldier_5,squad_with1types,"['bazooker3', '2']",['n/a'],['n/a'],['n/a'],['n/a'],['n/a'],['n/a'],['n/a'],['n/a'],74.79,0.7479
ger,stormtrooper5,2.5,2.5,2.5,1,128.0,0.0,soldier_5,squad_with2types,"['sturmovik5', '1']","['sturmovik5b', '1']",['n/a'],['n/a'],['n/a'],['n/a'],['n/a'],['n/a'],['n/a'],128.53000000000003,1.2852999999999999
ger,mg2,2.0,2.0,2.0,0,74.0,0.0,soldier_6,squad_with2types,"['grenadier_mg_39', '1']","['grenadier_mg_asst', '1']",['n/a'],['n/a'],['n/a'],['n/a'],['n/a'],['n/a'],['n/a'],74.99000000000001,0.7499
ger_ss,mg2,2.0,2.0,2.0,0,74.0,0.0,soldier_6,squad_with2types,"['grenadier_mg_39', '1']","['grenadier_mg_asst', '1']",['n/a'],['n/a'],['n/a'],['n/a'],['n/a'],['n/a'],['n/a'],74.99000000000001,0.7499
ger,mgs2,2.0,2.0,2.0,0,74.0,0.0,soldier_6,squad_with2types,"['grenadier_mg', '1']","['grenadier_mg_asst', '1']",['n/a'],['n/a'],['n/a'],['n/a'],['n/a'],['n/a'],['n/a'],74.99000000000001,0.7499
ger_ss,mgs2,2.0,2.0,2.0,0,74.0,0.0,soldier_6,squad_with2types,"['grenadier_mg', '1']","['grenadier_mg_asst', '1']",['n/a'],['n/a'],['n/a'],['n/a'],['n/a'],['n/a'],['n/a'],74.99000000000001,0.7499
ger,elite3,3.0,3.0,3.0,1,193.0,0.0,squad_4,squad_with2types,"['fallschirm_fg_43', '1']","['fallschirm_rifle', '2']",['n/a'],['n/a'],['n/a'],['n/a'],['n/a'],['n/a'],['n/a'],193.35500000000008,1.93355
ger,stormtrooper6_39,3.75,3.75,3.75,1,171.0,1.0,squad_4,squad_with2types,"['sturmovik6_39', '1']","['sturmovik6b', '2']",['n/a'],['n/a'],['n/a'],['n/a'],['n/a'],['n/a'],['n/a'],171.57000000000005,1.7157
ger,stormtrooper6,3.75,3.75,3.75,1,192.0,1.0,squad_4,squad_with2types,"['sturmovik6', '1']","['sturmovik6b', '2']",['n/a'],['n/a'],['n/a'],['n/a'],['n/a'],['n/a'],['n/a'],192.79500000000004,1.9279499999999998
ger,gd_pzgren_mg,5.25,5.25,5.25,1,129.0,1.0,squad_4,squad_with2types,"['gd_pzgren_mg', '1']","['gd_pzgren_mg_asst', '2']",['n/a'],['n/a'],['n/a'],['n/a'],['n/a'],['n/a'],['n/a'],129.26999999999998,1.2927
ger,fallschirm_mg_39,4.5,4.5,4.5,1,193.0,1.0,squad_4,squad_with2types,"['fallschirm_mg_39', '1']","['fallschirm_mg_asst_39', '2']",['n/a'],['n/a'],['n/a'],['n/a'],['n/a'],['n/a'],['n/a'],193.0050000000001,1.9300499999999996
ger,fallschirm_mg,4.5,4.5,4.5,1,193.0,1.0,squad_4,squad_with2types,"['fallschirm_mg', '1']","['fallschirm_mg_asst_39', '2']",['n/a'],['n/a'],['n/a'],['n/a'],['n/a'],['n/a'],['n/a'],193.0050000000001,1.9300499999999996
ger_ss,tk_pzgren_mg_39,4.5,4.5,4.5,1,128.0,1.0,squad_4,squad_with2types,"['tk_pzgren_mg_39', '1']","['tk_pzgren_mg_asst', '2']",['n/a'],['n/a'],['n/a'],['n/a'],['n/a'],['n/a'],['n/a'],128.745,1.2874500000000002
ger_ss,tk_pzgren_mg,4.5,4.5,4.5,1,128.0,1.0,squad_4,squad_with2types,"['tk_pzgren_mg', '1']","['tk_pzgren_mg_asst', '2']",['n/a'],['n/a'],['n/a'],['n/a'],['n/a'],['n/a'],['n/a'],128.745,1.2874500000000002
ger_ss,lssah_pzgren_mg_39,5.25,5.25,5.25,1,128.0,1.0,squad_4,squad_with2types,"['lssah_pzgren_mg_39', '1']","['lssah_pzgren_mg_asst', '2']",['n/a'],['n/a'],['n/a'],['n/a'],['n/a'],['n/a'],['n/a'],128.96999999999997,1.2897
ger_ss,lssah_pzgren_mg,5.25,5.25,5.25,1,128.0,1.0,squad_4,squad_with2types,"['lssah_pzgren_mg', '1']","['lssah_pzgren_mg_asst', '2']",['n/a'],['n/a'],['n/a'],['n/a'],['n/a'],['n/a'],['n/a'],128.96999999999997,1.2897
ger,flamers,2.0,2.0,2.0,0,73.0,0.0,soldier_8,squad_with2types,"['flamer', '1']","['flamer2', '1']",['n/a'],['n/a'],['n/a'],['n/a'],['n/a'],['n/a'],['n/a'],73.74000000000002,0.7374
ger_ss,flamers,2.0,2.0,2.0,0,73.0,0.0,soldier_8,squad_with2types,"['flamer', '1']","['flamer2', '1']",['n/a'],['n/a'],['n/a'],['n/a'],['n/a'],['n/a'],['n/a'],73.74000000000002,0.7374
ger,snipers,5.0,8.0,2.0,0,58.0,0.0,soldier_9,squad_with1types,"['sniper', '1']",['n/a'],['n/a'],['n/a'],['n/a'],['n/a'],['n/a'],['n/a'],['n/a'],58.8,0.588
ger,sniper3,5.0,8.0,2.0,0,58.0,0.0,soldier_9,squad_with1types,"['sniper3', '1']",['n/a'],['n/a'],['n/a'],['n/a'],['n/a'],['n/a'],['n/a'],['n/a'],58.755,0.58755
ger_ss,snipers,5.0,8.0,2.0,0,58.0,0.0,soldier_9,squad_with1types,"['sniper', '1']",['n/a'],['n/a'],['n/a'],['n/a'],['n/a'],['n/a'],['n/a'],['n/a'],58.8,0.588
ger_ss,sniper3,5.0,8.0,2.0,0,58.0,0.0,soldier_9,squad_with1types,"['sniper3', '1']",['n/a'],['n/a'],['n/a'],['n/a'],['n/a'],['n/a'],['n/a'],['n/a'],58.755,0.58755
ger,officers,-10.0,20.0,10.0,0,49.0,0.0,soldier_10,squad_with1types,"['oficer', '1']",['n/a'],['n/a'],['n/a'],['n/a'],['n/a'],['n/a'],['n/a'],['n/a'],49.6,0.496
ger_ss,officers,-10.0,20.0,10.0,0,49.0,0.0,soldier_10,squad_with1types,"['oficer', '1']",['n/a'],['n/a'],['n/a'],['n/a'],['n/a'],['n/a'],['n/a'],['n/a'],49.6,0.496
ger,snipers_d,5.0,8.0,2.0,0,58.0,0.0,soldier_12,squad_with1types,"['sniper', '1']",['n/a'],['n/a'],['n/a'],['n/a'],['n/a'],['n/a'],['n/a'],['n/a'],58.8,0.588
ger,radioman_mortar,5.0,20.0,1.0,0,39.0,0.0,radio_1,squad_with1types,"['radioman_mortar', '1']",['n/a'],['n/a'],['n/a'],['n/a'],['n/a'],['n/a'],['n/a'],['n/a'],39.645,0.39645
ger2,home_guards,2.25,2.25,2.25,1,117.0,0.0,squad_1,squad_with3types,"['recon_sl', '1']","['recon_pzfst', '1']","['recon_mg', '1']",['n/a'],['n/a'],['n/a'],['n/a'],['n/a'],['n/a'],117.43000000000004,1.1743
ger2,home_guards2,4.75,4.75,4.75,2,229.0,0.0,squad_1,squad_with5types,"['recon_sl_stg', '1']","['recon_sa', '1']","['recon_pzfst', '1']","['recon_rifle', '1']","['recon_mg', '2']",['n/a'],['n/a'],['n/a'],['n/a'],229.41500000000005,2.2941499999999997
ger2,smgs,7.5,7.5,7.5,3,339.0,0.0,squad_2,squad_with8types,"['squadleader2', '1']","['sl_asst', '1']","['smg2', '1']","['stg', '1']","['smg3', '2']","['rifle_pzfst', '1']","['mgun', '1']","['mgun_asst', '1']",['n/a'],339.505,3.3950499999999995
ger2,riflemans,8.75,8.75,8.75,3,340.0,0.0,squad_3,squad_with8types,"['squadleader', '1']","['sl_asst', '1']","['stg', '1']","['rifle2', '1']","['rifle_pzfst', '2']","['rifle_grenadier', '1']","['mgun', '1']","['mgun_asst', '1']",['n/a'],340.755,3.407549999999999
ger2,elites,12.5,12.5,12.5,4,427.0,0.0,squad_4,squad_with8types,"['jager_sl_stg', '1']","['jager_sl_stg_asst', '1']","['jager_stg', '1']","['jager_smg', '3']","['jager_sa', '1']","['jager_pzfst', '1']","['jager_mg', '1']","['jager_mg_asst', '1']",['n/a'],427.8400000000001,4.2783999999999995
ger2,stormtroopers,13.0,13.0,13.0,6,600.0,0.0,squad_6,squad_with8types,"['sturmovik_sl', '1']","['sturmovik_sl_asst', '1']","['sturmovik', '1']","['sturmovik3', '2']","['sturmovik5b', '2']","['sturmovik4c', '1']","['sturmovik6', '1']","['sturmovik6b', '1']",['n/a'],600.3500000000001,6.003499999999999
ger2,elites_para,14.5,14.5,14.5,6,643.0,0.0,squad_6,squad_with7types,"['fallschirm_sl', '1']","['fallschirm_sl_asst_fg_44', '1']","['fallschirm_sniper', '1']","['fallschirm_grenadier', '2']","['fallschirm_pzfst_fg', '1']","['fallschirm_mg', '2']","['fallschirm_mg_asst', '2']",['n/a'],['n/a'],643.2000000000003,6.4319999999999995
,,0.0,0.0,0.0,180,,,squad_7,vb3,['n/a'],['n/a'],['n/a'],['n/a'],['n/a'],['n/a'],['n/a'],['n/a'],['n/a'],0.0,0.0
ger2,ap_miners,4.0,4.0,4.0,1,147.0,1.0,squad_8,squad_with1types,"['ap_miner', '4']",['n/a'],['n/a'],['n/a'],['n/a'],['n/a'],['n/a'],['n/a'],['n/a'],147.08000000000007,1.4708
ger2,at_miners,4.0,4.0,4.0,1,147.0,1.0,squad_9,squad_with1types,"['at_miner', '4']",['n/a'],['n/a'],['n/a'],['n/a'],['n/a'],['n/a'],['n/a'],['n/a'],147.48000000000005,1.4748
ger2,sappers,2.0,2.0,2.0,0,73.0,0.0,squad_10,squad_with1types,"['saper', '2']",['n/a'],['n/a'],['n/a'],['n/a'],['n/a'],['n/a'],['n/a'],['n/a'],73.74000000000002,0.7374
ger2,riflemans2,1.25,1.25,1.25,0,37.0,0.0,soldier_1,squad_with1types,"['rifle_single', '1']",['n/a'],['n/a'],['n/a'],['n/a'],['n/a'],['n/a'],['n/a'],['n/a'],37.519999999999996,0.3751999999999999
ger2,smgs2,0.75,0.75,0.75,0,36.0,0.0,soldier_2,squad_with1types,"['smg', '1']",['n/a'],['n/a'],['n/a'],['n/a'],['n/a'],['n/a'],['n/a'],['n/a'],36.89500000000002,0.36894999999999994
ger2,tankmans,1.5,7.0,1.5,1,165.0,2.0,soldier_3,squad_with2types,"['tankman2', '1']","['tankman', '4']",['n/a'],['n/a'],['n/a'],['n/a'],['n/a'],['n/a'],['n/a'],165.59999999999997,1.6560000000000001
ger2,at_rifles,2.0,3.0,2.0,0,74.0,0.0,soldier_4,squad_with2types,"['at_rifle', '1']","['at_rifle2', '1']",['n/a'],['n/a'],['n/a'],['n/a'],['n/a'],['n/a'],['n/a'],74.04000000000002,0.7404000000000001
ger2,at_rifles2,2.0,3.0,2.0,0,74.0,0.0,soldier_4,squad_with2types,"['at_rifle3', '1']","['at_rifle2', '1']",['n/a'],['n/a'],['n/a'],['n/a'],['n/a'],['n/a'],['n/a'],74.41500000000002,0.7441500000000001
ger2,bazookers,2.0,3.0,2.0,0,73.0,0.0,soldier_5,squad_with1types,"['bazooker', '2']",['n/a'],['n/a'],['n/a'],['n/a'],['n/a'],['n/a'],['n/a'],['n/a'],73.84000000000002,0.7384000000000001
ger2,bazooker3,2.0,3.0,2.0,0,74.0,0.0,soldier_55,squad_with2types,"['bazooker3', '1']","['bazooker2', '1']",['n/a'],['n/a'],['n/a'],['n/a'],['n/a'],['n/a'],['n/a'],74.31500000000001,0.74315
ger2,mgs2,2.25,2.25,2.25,1,111.0,0.0,soldier_6,squad_with2types,"['mgun', '1']","['mgun_asst', '2']",['n/a'],['n/a'],['n/a'],['n/a'],['n/a'],['n/a'],['n/a'],111.38500000000005,1.1138499999999998
ger2,stormtroopers2,2.5,2.5,2.5,1,128.0,0.0,soldier_5,squad_with2types,"['sturmovik5', '1']","['sturmovik5b', '1']",['n/a'],['n/a'],['n/a'],['n/a'],['n/a'],['n/a'],['n/a'],128.53000000000003,1.2852999999999999
ger2,stormtroopers3,3.75,3.75,3.75,1,192.0,1.0,soldier_6,squad_with2types,"['sturmovik6', '1']","['sturmovik6b', '2']",['n/a'],['n/a'],['n/a'],['n/a'],['n/a'],['n/a'],['n/a'],192.79500000000004,1.9279499999999998
ger2,flamers,2.0,2.0,2.0,0,73.0,0.0,soldier_8,squad_with2types,"['flamer', '1']","['flamer2', '1']",['n/a'],['n/a'],['n/a'],['n/a'],['n/a'],['n/a'],['n/a'],73.74000000000002,0.7374
ger2,snipers,5.0,8.0,2.0,0,58.0,0.0,soldier_9,squad_with1types,"['sniper', '1']",['n/a'],['n/a'],['n/a'],['n/a'],['n/a'],['n/a'],['n/a'],['n/a'],58.8,0.588
ger2,officers,-10.0,20.0,10.0,0,49.0,0.0,soldier_10,squad_with1types,"['oficer', '1']",['n/a'],['n/a'],['n/a'],['n/a'],['n/a'],['n/a'],['n/a'],['n/a'],49.6,0.496
jap,home_guards,3.75,3.75,3.75,7,731.0,0.0,squad_1,squad_with3types,"['charger_rifle', '8']","['charger_smg', '4']","['charger_smg2', '3']",['n/a'],['n/a'],['n/a'],['n/a'],['n/a'],['n/a'],731.4000000000001,7.313999999999998
jap,smgs,7.75,7.75,7.75,5,555.0,0.0,squad_2,squad_with5types,"['squadleader2', '1']","['rifle2', '3']","['rifle2b', '1']","['smg2', '4']","['smg2b', '6']",['n/a'],['n/a'],['n/a'],['n/a'],555.675,5.55675
jap,riflemans_t96,11.5,11.5,11.5,5,557.0,0.0,squad_3,squad_with6types,"['squadleader', '1']","['rifle', '6']","['rifleb', '4']","['smgb', '2']","['mgun2', '1']","['rifle_grenadier', '1']",['n/a'],['n/a'],['n/a'],557.5000000000003,5.574999999999999
jap,riflemans,11.5,11.5,11.5,5,557.0,0.0,squad_3,squad_with6types,"['squadleader', '1']","['rifle', '6']","['rifleb', '4']","['smgb', '2']","['mgun', '1']","['rifle_grenadier', '1']",['n/a'],['n/a'],['n/a'],557.7000000000003,5.577
jap,elites_ig,18.75,18.75,18.75,7,789.0,0.0,squad_55,squad_with6types,"['elite_ig1', '7']","['elite_ig1b', '2']","['elite_ig2', '2']","['elite_ig3b', '2']","['elite_ig4', '1']","['elite_ig_grenadier', '1']",['n/a'],['n/a'],['n/a'],789.825,7.89825
jap,elites_takasago,22.5,22.5,22.5,9,914.0,0.0,squad_5,squad_with4types,"['elite_takasago_rifle', '2']","['elite_takasago_rifle2', '6']","['elite_takasago_smg2', '5']","['elite_takasago_lmg', '2']",['n/a'],['n/a'],['n/a'],['n/a'],['n/a'],914.1,9.140999999999998
jap,elites,18.0,18.0,18.0,9,903.0,0.0,squad_5,squad_with4types,"['elite', '6']","['elite2', '3']","['elite3', '2']","['elite4b', '4']",['n/a'],['n/a'],['n/a'],['n/a'],['n/a'],903.1000000000004,9.031
jap,elites_drop,,,,9,903.0,0.0,squad_5,squad_with6types_vehicle,"['elite', '6']","['elite2', '3']","['elite3', '2']","['elite4b', '4']","['a', '0']","['a', '0']",['n/a'],['n/a'],['n/a'],903.1000000000004,9.031
jap,stormtroopers,20.75,20.75,20.75,9,964.0,0.0,squad_5,squad_with5types,"['sturmovikb', '4']","['sturmovik2', '2']","['sturmovik3', '1']","['sturmovik4', '5']","['sturmovik6b', '3']",['n/a'],['n/a'],['n/a'],['n/a'],964.5750000000003,9.64575
jap,ap_miners,6.0,6.0,6.0,2,220.0,2.0,squad_7,squad_with1types,"['ap_miner', '6']",['n/a'],['n/a'],['n/a'],['n/a'],['n/a'],['n/a'],['n/a'],['n/a'],220.62000000000012,2.2062
jap,at_miners,6.0,6.0,6.0,2,221.0,2.0,squad_8,squad_with1types,"['at_miner', '6']",['n/a'],['n/a'],['n/a'],['n/a'],['n/a'],['n/a'],['n/a'],['n/a'],221.22000000000008,2.2122
jap,sappers,2.0,2.0,2.0,0,73.0,0.0,squad_9,squad_with1types,"['saper', '2']",['n/a'],['n/a'],['n/a'],['n/a'],['n/a'],['n/a'],['n/a'],['n/a'],73.74000000000002,0.7374
jap,vehic_supporter,1.0,4.0,0.5,0,75.0,0.0,soldier_3,squad_with1types,"['vehicle_supporter', '2']",['n/a'],['n/a'],['n/a'],['n/a'],['n/a'],['n/a'],['n/a'],['n/a'],75.13000000000001,0.7513
jap,tankmans,1.5,7.0,1.5,1,165.0,2.0,soldier_3,squad_with2types,"['tankman2', '1']","['tankman', '4']",['n/a'],['n/a'],['n/a'],['n/a'],['n/a'],['n/a'],['n/a'],165.59999999999997,1.6560000000000001
jap,riflemans2b,0.75,0.75,0.75,0,36.0,0.0,soldier_1,squad_with1types,"['rifleb', '1']",['n/a'],['n/a'],['n/a'],['n/a'],['n/a'],['n/a'],['n/a'],['n/a'],36.49500000000002,0.36494999999999994
jap,riflemans2,0.75,0.75,0.75,0,36.0,0.0,soldier_1,squad_with1types,"['rifle', '1']",['n/a'],['n/a'],['n/a'],['n/a'],['n/a'],['n/a'],['n/a'],['n/a'],36.99500000000002,0.36994999999999995
jap,smgs2,0.75,0.75,0.75,0,36.0,0.0,soldier_2,squad_with1types,"['smg', '1']",['n/a'],['n/a'],['n/a'],['n/a'],['n/a'],['n/a'],['n/a'],['n/a'],36.89500000000002,0.36894999999999994
jap,smgs2b,0.75,0.75,0.75,0,36.0,0.0,soldier_2,squad_with1types,"['smgb', '1']",['n/a'],['n/a'],['n/a'],['n/a'],['n/a'],['n/a'],['n/a'],['n/a'],36.49500000000002,0.36494999999999994
jap,smg3,0.5,0.5,0.5,0,36.0,0.0,soldier_99,squad_with1types,"['smg3', '1']",['n/a'],['n/a'],['n/a'],['n/a'],['n/a'],['n/a'],['n/a'],['n/a'],36.72,0.3672
jap,type89mortarinf,0.75,0.75,0.75,0,37.0,0.0,soldier_89,i_seq_with1types,"['light_mortar', '1']",['n/a'],['n/a'],['n/a'],['n/a'],['n/a'],['n/a'],['n/a'],['n/a'],37.09500000000002,0.37094999999999995
jap,type89mortarinfx2,1.5,1.5,1.5,0,74.0,0.0,soldier_89,i_seq_with1types,"['light_mortar', '2']",['n/a'],['n/a'],['n/a'],['n/a'],['n/a'],['n/a'],['n/a'],['n/a'],74.19000000000004,0.7418999999999999
jap,kamikaze,2.0,1.0,0.5,1,112.0,0.0,soldier_5,squad_with1types,"['kamikaze', '2']",['n/a'],['n/a'],['n/a'],['n/a'],['n/a'],['n/a'],['n/a'],['n/a'],112.73000000000002,1.1273
jap,at_rifles,2.0,3.0,2.0,0,74.0,0.0,soldier_4,squad_with2types,"['at_rifle', '1']","['at_rifle2', '1']",['n/a'],['n/a'],['n/a'],['n/a'],['n/a'],['n/a'],['n/a'],74.04000000000002,0.7404000000000001
jap,bazookers,2.0,3.0,2.0,0,73.0,0.0,soldier_5,squad_with2types,"['bazooker', '1']","['bazooker2', '1']",['n/a'],['n/a'],['n/a'],['n/a'],['n/a'],['n/a'],['n/a'],73.84000000000002,0.7384000000000001
jap,stormtrooper5,2.5,2.5,2.5,1,128.0,0.0,soldier_5,squad_with2types,"['sturmovik5', '1']","['sturmovik5b', '1']",['n/a'],['n/a'],['n/a'],['n/a'],['n/a'],['n/a'],['n/a'],128.53000000000003,1.2852999999999999
jap,mg3,1.5,1.5,1.5,0,73.0,0.0,soldier_6,squad_with2types,"['mgun3', '1']","['mg3_asst', '1']",['n/a'],['n/a'],['n/a'],['n/a'],['n/a'],['n/a'],['n/a'],73.09000000000003,0.7308999999999999
jap,mgs2,1.5,1.5,1.5,0,73.0,0.0,soldier_6,squad_with2types,"['mgun', '1']","['mg_asst', '1']",['n/a'],['n/a'],['n/a'],['n/a'],['n/a'],['n/a'],['n/a'],73.69000000000003,0.7368999999999999
jap,elite_ig2,5.0,5.0,5.0,2,210.0,2.0,squad_4,squad_with2types,"['elite_ig2', '1']","['elite_ig1', '3']",['n/a'],['n/a'],['n/a'],['n/a'],['n/a'],['n/a'],['n/a'],210.62,2.1062
jap,elite3,4.5,4.5,4.5,1,182.0,1.0,squad_4,squad_with2types,"['elite_takasago_lmg', '1']","['elite_takasago_rifle', '2']",['n/a'],['n/a'],['n/a'],['n/a'],['n/a'],['n/a'],['n/a'],182.82000000000002,1.8281999999999994
jap,stormtrooper6,5.0,5.0,5.0,2,257.0,2.0,squad_4,squad_with2types,"['sturmovik6', '1']","['sturmovik6b', '3']",['n/a'],['n/a'],['n/a'],['n/a'],['n/a'],['n/a'],['n/a'],257.06000000000006,2.5705999999999998
jap,flamers,2.0,2.0,2.0,0,73.0,0.0,soldier_8,squad_with2types,"['flamer', '1']","['flamer2', '1']",['n/a'],['n/a'],['n/a'],['n/a'],['n/a'],['n/a'],['n/a'],73.74000000000002,0.7374
jap,snipers2,5.0,8.0,2.0,0,60.0,0.0,soldier_9,squad_with1types,"['sniper2', '1']",['n/a'],['n/a'],['n/a'],['n/a'],['n/a'],['n/a'],['n/a'],['n/a'],60.37500000000002,0.60375
jap,snipers,5.0,8.0,2.0,0,58.0,0.0,soldier_9,squad_with1types,"['sniper', '1']",['n/a'],['n/a'],['n/a'],['n/a'],['n/a'],['n/a'],['n/a'],['n/a'],58.8,0.588
jap,officers,-10.0,20.0,10.0,0,49.0,0.0,soldier_10,squad_with1types,"['oficer', '1']",['n/a'],['n/a'],['n/a'],['n/a'],['n/a'],['n/a'],['n/a'],['n/a'],49.6,0.496
jap,snipers_d,5.0,8.0,2.0,0,58.0,0.0,soldier_12,squad_with1types,"['sniper', '1']",['n/a'],['n/a'],['n/a'],['n/a'],['n/a'],['n/a'],['n/a'],['n/a'],58.8,0.588
rus,home_guards,2.75,2.75,2.75,3,340.0,0.0,partisan,squad_with5types,"['home_guard', '3']","['home_guard2', '4']","['home_guard3', '2']","['home_guard_at', '1']","['home_guard_mg', '1']",['n/a'],['n/a'],['n/a'],['n/a'],340.80499999999995,3.4080500000000007
rus,smgs,5.75,5.75,5.75,3,373.0,0.0,squad_2,i_seq_with3types,"['squadleader2_43', '1']","['smg2_43', '1']","['smg2', '8']",['n/a'],['n/a'],['n/a'],['n/a'],['n/a'],['n/a'],373.595,3.7359500000000003
rus,smgsv2,5.75,5.75,5.75,3,373.0,0.0,squad_2,i_seq_with3types,"['squadleader2_43', '1']","['smg2_43', '1']","['smg2', '8']",['n/a'],['n/a'],['n/a'],['n/a'],['n/a'],['n/a'],373.595,3.7359500000000003
rus,smgsv3,5.75,5.75,5.75,3,373.0,0.0,squad_2,i_seq_with3types,"['squadleader2_43', '1']","['smg2_43', '1']","['smg2', '8']",['n/a'],['n/a'],['n/a'],['n/a'],['n/a'],['n/a'],373.595,3.7359500000000003
rus,smgsv4,5.75,5.75,5.75,3,373.0,0.0,squad_2,i_seq_with3types,"['squadleader2_43', '1']","['smg2_43', '1']","['smg2', '8']",['n/a'],['n/a'],['n/a'],['n/a'],['n/a'],['n/a'],373.595,3.7359500000000003
rus,smgsv5,5.75,5.75,5.75,3,373.0,0.0,squad_2,i_seq_with3types,"['squadleader2_43', '1']","['smg2_43', '1']","['smg2', '8']",['n/a'],['n/a'],['n/a'],['n/a'],['n/a'],['n/a'],373.595,3.7359500000000003
rus,smgs_mot,5.75,5.75,5.75,3,373.0,6.0,squad_2,squad_with4types_vehicle,"['squadleader2_43', '1']","['smg2_43', '1']","['smg2', '8']",['n/a'],['n/a'],['n/a'],['n/a'],['n/a'],['n/a'],373.595,3.7359500000000003
rus,sapper_squad,6.75,6.75,6.75,3,328.0,0.0,squad_2,squad_with7types,"['sapper_sl', '1']","['sapper_smg', '1']","['sapper_smg2', '2']","['sapper_rifle1', '1']","['sapper_rifle2', '1']","['sapper_rifle3', '1']","['sapper_rifle4', '2']",['n/a'],['n/a'],328.8100000000002,3.2880999999999996
rus,riflemans,8.5,8.5,8.5,4,411.0,0.0,squad_2,i_seq_with6types,"['squadleader_smg', '1']","['smg', '3']","['rifle_sa', '2']","['rifle', '3']","['mgun', '1']","['mgun_asst', '1']",['n/a'],['n/a'],['n/a'],411.26500000000016,4.112649999999999
rus,riflemansv2,8.5,8.5,8.5,4,411.0,0.0,squad_2,i_seq_with6types,"['squadleader_smg', '1']","['smg', '3']","['rifle_sa', '2']","['rifle', '3']","['mgun', '1']","['mgun_asst', '1']",['n/a'],['n/a'],['n/a'],411.26500000000016,4.112649999999999
rus,riflemansv3,8.5,8.5,8.5,4,411.0,0.0,squad_2,i_seq_with6types,"['squadleader_smg', '1']","['smg', '3']","['rifle_sa', '2']","['rifle', '3']","['mgun', '1']","['mgun_asst', '1']",['n/a'],['n/a'],['n/a'],411.26500000000016,4.112649999999999
rus,riflemansv4,8.5,8.5,8.5,4,411.0,0.0,squad_2,i_seq_with6types,"['squadleader_smg', '1']","['smg', '3']","['rifle_sa', '2']","['rifle', '3']","['mgun', '1']","['mgun_asst', '1']",['n/a'],['n/a'],['n/a'],411.26500000000016,4.112649999999999
rus,riflemansv5,8.5,8.5,8.5,4,411.0,0.0,squad_2,i_seq_with6types,"['squadleader_smg', '1']","['smg', '3']","['rifle_sa', '2']","['rifle', '3']","['mgun', '1']","['mgun_asst', '1']",['n/a'],['n/a'],['n/a'],411.26500000000016,4.112649999999999
rus,riflemans_rifle,8.5,8.5,8.5,4,411.0,0.0,squad_2,i_seq_with6types,"['squadleader_smg', '1']","['smg', '1']","['rifle_sa', '1']","['rifle', '6']","['mgun', '1']","['mgun_asst', '1']",['n/a'],['n/a'],['n/a'],411.9900000000002,4.1198999999999995
rus,riflemans_riflev2,8.5,8.5,8.5,4,411.0,0.0,squad_2,i_seq_with6types,"['squadleader_smg', '1']","['smg', '1']","['rifle_sa', '1']","['rifle', '6']","['mgun', '1']","['mgun_asst', '1']",['n/a'],['n/a'],['n/a'],411.9900000000002,4.1198999999999995
rus,riflemans_riflev3,8.5,8.5,8.5,4,411.0,0.0,squad_2,i_seq_with6types,"['squadleader_smg', '1']","['smg', '1']","['rifle_sa', '1']","['rifle', '6']","['mgun', '1']","['mgun_asst', '1']",['n/a'],['n/a'],['n/a'],411.9900000000002,4.1198999999999995
rus,riflemans_riflev4,8.5,8.5,8.5,4,411.0,0.0,squad_2,i_seq_with6types,"['squadleader_smg', '1']","['smg', '1']","['rifle_sa', '1']","['rifle', '6']","['mgun', '1']","['mgun_asst', '1']",['n/a'],['n/a'],['n/a'],411.9900000000002,4.1198999999999995
rus,riflemans_riflev5,8.5,8.5,8.5,4,411.0,0.0,squad_2,i_seq_with6types,"['squadleader_smg', '1']","['smg', '1']","['rifle_sa', '1']","['rifle', '6']","['mgun', '1']","['mgun_asst', '1']",['n/a'],['n/a'],['n/a'],411.9900000000002,4.1198999999999995
rus,riflemans_rifle_mot,8.5,8.5,8.5,4,411.0,8.0,squad_2,squad_with7types_vehicle,"['squadleader_smg', '1']","['smg', '1']","['rifle_sa', '1']","['rifle', '6']","['mgun', '1']","['mgun_asst', '1']",['n/a'],['n/a'],['n/a'],411.9900000000002,4.1198999999999995
rus,shock_assault,9.0,9.0,9.0,3,378.0,0.0,squad_3,squad_with5types,"['shock_sl_smg', '1']","['shock_smg', '3']","['shock_smg2', '2']","['shock_smg3', '2']","['shock_flame', '1']",['n/a'],['n/a'],['n/a'],['n/a'],378.4050000000001,3.7840500000000006
rus,shock_assault_mech,9.0,9.0,9.0,3,378.0,12.0,squad_3,squad_with6types_vehicle,"['shock_sl_smg', '1']","['shock_smg', '3']","['shock_smg2', '2']","['shock_smg3', '2']","['shock_flame', '1']",['n/a'],['n/a'],['n/a'],['n/a'],378.4050000000001,3.7840500000000006
rus,shock,9.0,9.0,9.0,3,379.0,0.0,squad_3,squad_with6types,"['shock_sl', '1']","['shock_smg2', '2']","['shock_sa', '2']","['shock_rifle', '2']","['shock_mg', '1']","['shock_mg_asst', '1']",['n/a'],['n/a'],['n/a'],379.0050000000001,3.7900500000000004
rus,elites,11.0,11.0,11.0,6,629.0,0.0,squad_5,squad_with4types,"['elite', '6']","['elite2', '3']","['elite3', '1']","['elite_mg_asst', '1']",['n/a'],['n/a'],['n/a'],['n/a'],['n/a'],629.1650000000003,6.291650000000001
rus,bsf_marines,16.5,16.5,16.5,6,642.0,0.0,squad_5,squad_with4types,"['bsf_marine', '4']","['bsf_marine2', '3']","['bsf_marine3', '2']","['bsf_marine_mg_asst', '2']",['n/a'],['n/a'],['n/a'],['n/a'],['n/a'],642.765,6.427649999999998
rus,paras,19.25,19.25,19.25,7,708.0,0.0,squad_5,squad_with7types,"['para_sl', '1']","['para_smg3', '2']","['para_sa', '2']","['para_rifle', '2']","['para_mg', '2']","['para_mg_asst', '2']",['n/a'],['n/a'],['n/a'],708.0700000000002,7.0807
rus,paras_drop,19.25,19.25,19.25,7,708.0,0.0,squad_55,squad_with7types_vehicle,"['para_sl', '1']","['para_smg3', '2']","['para_sa', '2']","['para_rifle', '2']","['para_mg', '2']","['para_mg_asst', '2']",['n/a'],['n/a'],['n/a'],708.0700000000002,7.0807
rus,ap_miners,4.0,4.0,4.0,1,147.0,1.0,squad_7,squad_with1types,"['ap_miner', '4']",['n/a'],['n/a'],['n/a'],['n/a'],['n/a'],['n/a'],['n/a'],['n/a'],147.08000000000007,1.4708
rus,at_miners,4.0,4.0,4.0,1,147.0,1.0,squad_8,squad_with1types,"['at_miner', '4']",['n/a'],['n/a'],['n/a'],['n/a'],['n/a'],['n/a'],['n/a'],['n/a'],147.48000000000005,1.4748
rus,sappers,2.0,2.0,2.0,0,73.0,0.0,squad_9,squad_with1types,"['saper', '2']",['n/a'],['n/a'],['n/a'],['n/a'],['n/a'],['n/a'],['n/a'],['n/a'],73.74000000000002,0.7374
rus,vehic_supporter,1.0,4.0,0.5,0,75.0,0.0,soldier_3,squad_with1types,"['vehicle_supporter', '2']",['n/a'],['n/a'],['n/a'],['n/a'],['n/a'],['n/a'],['n/a'],['n/a'],75.13000000000001,0.7513
rus,tankmans,1.5,7.0,1.5,1,165.0,2.0,soldier_3,squad_with2types,"['tankman2', '1']","['tankman', '4']",['n/a'],['n/a'],['n/a'],['n/a'],['n/a'],['n/a'],['n/a'],165.59999999999997,1.6560000000000001
rus,elite_tankmans,0.5,2.2,0.5,0,37.0,0.0,soldier_3,squad_with1types,"['vet_tankman2', '1']",['n/a'],['n/a'],['n/a'],['n/a'],['n/a'],['n/a'],['n/a'],['n/a'],37.94999999999998,0.37949999999999995
rus,riflemans2,0.75,0.75,0.75,0,36.0,0.0,soldier_1,squad_with1types,"['rifle', '1']",['n/a'],['n/a'],['n/a'],['n/a'],['n/a'],['n/a'],['n/a'],['n/a'],36.99500000000002,0.36994999999999995
rus,rifle_sa,0.75,0.75,0.75,0,36.0,0.0,soldier_sa,squad_with1types,"['rifle_sa', '1']",['n/a'],['n/a'],['n/a'],['n/a'],['n/a'],['n/a'],['n/a'],['n/a'],36.47000000000002,0.3646999999999999
rus,smgs2,0.75,0.75,0.75,0,36.0,0.0,soldier_2,squad_with1types,"['smg', '1']",['n/a'],['n/a'],['n/a'],['n/a'],['n/a'],['n/a'],['n/a'],['n/a'],36.89500000000002,0.36894999999999994
rus,at_rifles,2.0,3.0,2.0,0,74.0,0.0,soldier_4,i_seq_with2types,"['at_rifle', '1']","['at_rifle2', '1']",['n/a'],['n/a'],['n/a'],['n/a'],['n/a'],['n/a'],['n/a'],74.04000000000002,0.7404000000000001
rus,at_riflesv2,2.0,3.0,2.0,0,74.0,0.0,soldier_4,i_seq_with2types,"['at_rifle', '1']","['at_rifle2', '1']",['n/a'],['n/a'],['n/a'],['n/a'],['n/a'],['n/a'],['n/a'],74.04000000000002,0.7404000000000001
rus,bazookers,2.0,3.0,2.0,0,73.0,0.0,soldier_5,squad_with2types,"['bazooker', '1']","['bazooker2', '1']",['n/a'],['n/a'],['n/a'],['n/a'],['n/a'],['n/a'],['n/a'],73.84000000000002,0.7384000000000001
rus,mgs2,1.5,1.5,1.5,0,74.0,0.0,soldier_6,squad_with2types,"['mgun', '1']","['mgun_asst', '1']",['n/a'],['n/a'],['n/a'],['n/a'],['n/a'],['n/a'],['n/a'],74.19000000000003,0.7418999999999999
rus,elite3,3.0,3.0,3.0,1,176.0,0.0,squad_4,squad_with2types,"['elite3', '1']","['elite', '2']",['n/a'],['n/a'],['n/a'],['n/a'],['n/a'],['n/a'],['n/a'],176.04000000000008,1.7604
rus,flamers,2.0,2.0,2.0,0,73.0,0.0,soldier_8,squad_with2types,"['flamer', '1']","['flamer2', '1']",['n/a'],['n/a'],['n/a'],['n/a'],['n/a'],['n/a'],['n/a'],73.74000000000002,0.7374
rus,snipers,10.0,16.0,4.0,1,117.0,1.0,soldier_9,squad_with1types,"['sniper', '2']",['n/a'],['n/a'],['n/a'],['n/a'],['n/a'],['n/a'],['n/a'],['n/a'],117.6,1.176
rus,snipers3,10.0,16.0,4.0,1,117.0,1.0,soldier_9,squad_with1types,"['sniper3', '2']",['n/a'],['n/a'],['n/a'],['n/a'],['n/a'],['n/a'],['n/a'],['n/a'],117.51,1.1751
rus,officers,-10.0,20.0,10.0,0,49.0,0.0,soldier_10,squad_with1types,"['oficer', '1']",['n/a'],['n/a'],['n/a'],['n/a'],['n/a'],['n/a'],['n/a'],['n/a'],49.6,0.496
rus,snipers_d,5.0,8.0,2.0,0,58.0,0.0,soldier_12,squad_with1types,"['sniper', '1']",['n/a'],['n/a'],['n/a'],['n/a'],['n/a'],['n/a'],['n/a'],['n/a'],58.8,0.588
rus,radioman_mortar,5.0,20.0,1.0,0,39.0,0.0,radio_1,squad_with1types,"['radioman_mortar', '1']",['n/a'],['n/a'],['n/a'],['n/a'],['n/a'],['n/a'],['n/a'],['n/a'],39.645,0.39645
rus_guard,recons,4.5,4.5,4.5,2,226.0,0.0,rus_guard,squad_with4types,"['recon_sl', '1']","['recon_smg2', '1']","['recon_smg', '3']","['recon_rifle', '1']",['n/a'],['n/a'],['n/a'],['n/a'],['n/a'],226.4200000000001,2.2641999999999998
rus_guard,sapper_squad,6.5,6.5,6.5,2,292.0,0.0,squad_2,squad_with8types,"['sapper_sl', '1']","['sapper_smg', '1']","['sapper_smg2', '1']","['sapper_rifle1', '1']","['sapper_rifle2', '1']","['sapper_rifle3', '1']","['sapper_rifle4', '1']","['sapper_rifle5', '1']",['n/a'],292.47000000000014,2.9246999999999996
rus_guard,specialinf_smg,12.5,12.5,12.5,3,372.0,0.0,rus_guard,squad_with3types,"['guard_sl', '1']","['guard_smg', '6']","['guard_smg2', '3']",['n/a'],['n/a'],['n/a'],['n/a'],['n/a'],['n/a'],372.7000000000001,3.7269999999999994
rus_guard,specialinf_rifle,13.75,13.75,13.75,4,409.0,0.0,rus_guard,squad_with6types,"['guard_sl', '1']","['guard_smg2', '1']","['guard_sa', '2']","['guard_mg', '1']","['guard_mg_asst', '1']","['guard_rifle', '5']",['n/a'],['n/a'],['n/a'],409.8400000000001,4.0984
rus_guard,specialinf,13.75,13.75,13.75,4,409.0,0.0,rus_guard,squad_with7types,"['guard_sl', '1']","['guard_smg', '1']","['guard_smg2', '2']","['guard_sa', '3']","['guard_mg', '1']","['guard_mg_asst', '1']","['guard_rifle', '2']",['n/a'],['n/a'],409.8400000000001,4.098399999999999
rus_guard,guards_shock_assault,16.5,16.5,16.5,4,464.0,0.0,rus_guard1,squad_with4types,"['guards_shock_sl_smg', '1']","['guards_shock_smg2', '4']","['guards_shock_smg3', '5']","['guards_shock_flame', '1']",['n/a'],['n/a'],['n/a'],['n/a'],['n/a'],464.145,4.64145
rus_guard,guards_shock,16.5,16.5,16.5,4,464.0,0.0,rus_guard1,squad_with6types,"['guards_shock_sl', '1']","['guards_shock_smg3', '2']","['guards_shock_sa', '2']","['guards_shock_rifle', '2']","['guards_shock_mg', '2']","['guards_shock_mg_asst', '2']",['n/a'],['n/a'],['n/a'],464.94499999999994,4.649450000000001
rus_guard,elite_guards_smg,15.0,15.0,15.0,4,423.0,0.0,rus_guard2,squad_with3types,"['elite_guard_sl', '1']","['elite_guard_smg', '4']","['elite_guard_smg2', '5']",['n/a'],['n/a'],['n/a'],['n/a'],['n/a'],['n/a'],423.45000000000005,4.234500000000001
rus_guard,elite_guards,16.5,16.5,16.5,4,465.0,0.0,rus_guard3,squad_with6types,"['elite_guard_sl', '1']","['elite_guard_smg2', '3']","['elite_guard_sa', '2']","['elite_guard_mg', '1']","['elite_guard_mg_asst', '1']","['elite_guard_rifle', '3']",['n/a'],['n/a'],['n/a'],465.6650000000001,4.656650000000001
rus_guard,elite_guards_shock_assault,19.25,19.25,19.25,5,519.0,0.0,rus_guard2,squad_with4types,"['elite_guards_shock_sl_smg', '1']","['elite_guards_shock_smg2', '4']","['elite_guards_shock_smg3', '5']","['elite_guards_shock_flame', '1']",['n/a'],['n/a'],['n/a'],['n/a'],['n/a'],519.9699999999999,5.199699999999998
rus_guard,elite_guards_shock,,,,5,520.0,0.0,rus_guard3,squad_with8types,"['elite_guards_shock_sl', '1']","['elite_guards_shock_smg3', '2']","['elite_guards_shock_sa', '2']","['elite_guards_shock_rifle', '2']","['elite_guards_shock_mg', '1']","['elite_guards_shock_mg_asst', '1']","['elite_guards_shock_mg2', '1']","['elite_guards_shock_mg2_asst', '1']",['n/a'],520.2449999999999,5.202449999999999
rus_guard,ap_miners,4.0,4.0,4.0,1,147.0,1.0,squad_7,squad_with1types,"['ap_miner', '4']",['n/a'],['n/a'],['n/a'],['n/a'],['n/a'],['n/a'],['n/a'],['n/a'],147.08000000000007,1.4708
rus_guard,at_miners,4.0,4.0,4.0,1,147.0,1.0,squad_8,squad_with1types,"['at_miner', '4']",['n/a'],['n/a'],['n/a'],['n/a'],['n/a'],['n/a'],['n/a'],['n/a'],147.48000000000005,1.4748
rus_guard,sappers,2.0,2.0,2.0,0,73.0,0.0,squad_9,squad_with1types,"['saper', '2']",['n/a'],['n/a'],['n/a'],['n/a'],['n/a'],['n/a'],['n/a'],['n/a'],73.74000000000002,0.7374
rus_guard,vehic_supporter,1.0,4.0,0.5,0,75.0,0.0,soldier_3,squad_with1types,"['vehicle_supporter', '2']",['n/a'],['n/a'],['n/a'],['n/a'],['n/a'],['n/a'],['n/a'],['n/a'],75.13000000000001,0.7513
rus_guard,tankmans,1.5,7.0,1.5,1,165.0,2.0,soldier_3,squad_with2types,"['tankman2', '1']","['tankman', '4']",['n/a'],['n/a'],['n/a'],['n/a'],['n/a'],['n/a'],['n/a'],165.59999999999997,1.6560000000000001
rus_guard,elite_tankmans,0.5,2.2,0.5,0,37.0,0.0,soldier_3,squad_with1types,"['vet_tankman2', '1']",['n/a'],['n/a'],['n/a'],['n/a'],['n/a'],['n/a'],['n/a'],['n/a'],37.94999999999998,0.37949999999999995
rus_guard,riflemans2,1.25,1.25,1.25,0,36.0,0.0,soldier_1,squad_with1types,"['guard_rifle', '1']",['n/a'],['n/a'],['n/a'],['n/a'],['n/a'],['n/a'],['n/a'],['n/a'],36.74000000000001,0.36739999999999995
rus_guard,rifle_sa,1.25,1.25,1.25,0,36.0,0.0,soldier_sa,squad_with1types,"['guard_sa', '1']",['n/a'],['n/a'],['n/a'],['n/a'],['n/a'],['n/a'],['n/a'],['n/a'],36.74000000000001,0.36739999999999995
rus_guard,smg,1.25,1.25,1.25,0,36.0,0.0,soldier_2,squad_with1types,"['guard_smg', '1']",['n/a'],['n/a'],['n/a'],['n/a'],['n/a'],['n/a'],['n/a'],['n/a'],36.74000000000001,0.36739999999999995
rus_guard,smg2,1.25,1.25,1.25,0,36.0,0.0,soldier_2,squad_with1types,"['guard_smg2', '1']",['n/a'],['n/a'],['n/a'],['n/a'],['n/a'],['n/a'],['n/a'],['n/a'],36.74000000000001,0.36739999999999995
rus_guard,at_rifles,2.0,3.0,2.0,0,74.0,0.0,soldier_4,squad_with2types,"['at_rifle', '1']","['at_rifle2', '1']",['n/a'],['n/a'],['n/a'],['n/a'],['n/a'],['n/a'],['n/a'],74.04000000000002,0.7404000000000001
rus_guard,bazookers,2.0,3.0,2.0,0,73.0,0.0,soldier_5,squad_with2types,"['bazooker', '1']","['bazooker2', '1']",['n/a'],['n/a'],['n/a'],['n/a'],['n/a'],['n/a'],['n/a'],73.84000000000002,0.7384000000000001
rus_guard,bazookers_piat,2.0,3.0,2.0,0,72.0,0.0,soldier_55,squad_with2types,"['bazooker_piat', '1']","['bazooker2_piat', '1']",['n/a'],['n/a'],['n/a'],['n/a'],['n/a'],['n/a'],['n/a'],72.99000000000004,0.7299
rus_guard,mgs2,2.5,2.5,2.5,0,73.0,0.0,soldier_6,squad_with2types,"['guard_mg', '1']","['guard_mg_asst', '1']",['n/a'],['n/a'],['n/a'],['n/a'],['n/a'],['n/a'],['n/a'],73.88000000000001,0.7387999999999999
rus_guard,snipers,10.0,16.0,4.0,1,117.0,1.0,soldier_9,squad_with1types,"['sniper', '2']",['n/a'],['n/a'],['n/a'],['n/a'],['n/a'],['n/a'],['n/a'],['n/a'],117.6,1.176
rus_guard,snipers3,10.0,16.0,4.0,1,117.0,1.0,soldier_9,squad_with1types,"['sniper3', '2']",['n/a'],['n/a'],['n/a'],['n/a'],['n/a'],['n/a'],['n/a'],['n/a'],117.51,1.1751
rus_guard,officers,-10.0,20.0,10.0,0,49.0,0.0,soldier_10,squad_with1types,"['oficer', '1']",['n/a'],['n/a'],['n/a'],['n/a'],['n/a'],['n/a'],['n/a'],['n/a'],49.6,0.496
usa,smgs,9.25,9.25,9.25,4,446.0,0.0,squad_2,squad_with4types,"['armor_squadleader', '1']","['armor_rifle', '10']","['armor_rifle_grenadier', '1']",['n/a'],['n/a'],['n/a'],['n/a'],['n/a'],['n/a'],446.8350000000002,4.468349999999999
usa,riflemans,9.25,9.25,9.25,4,449.0,0.0,squad_3,squad_with6types,"['squadleader', '1']","['rifle', '7']","['rifle_grenadier', '1']","['mgun', '1']","['mgun_asst', '1']","['rifle_at', '1']",['n/a'],['n/a'],['n/a'],449.91500000000013,4.499149999999999
usa,riflemans_bar,9.5,10.0,9.5,4,450.0,0.0,squad_3,squad_with6types,"['squadleader', '1']","['rifle', '4']","['rifle_grenadier', '2']","['mgun', '2']","['mgun_asst', '2']","['bazooker', '1']",['n/a'],['n/a'],['n/a'],450.0400000000002,4.5004
usa,riflemans_assault,9.25,9.25,9.25,4,449.0,0.0,squad_3,squad_with6types,"['squadleader', '1']","['rifle', '5']","['rifle_grenadier', '3']","['mgun', '1']","['mgun_asst', '1']","['rifle_at', '1']",['n/a'],['n/a'],['n/a'],449.91500000000013,4.499149999999999
usa,mech_armor_rifles,7.75,7.75,7.75,3,373.0,72.0,squad_33,squad_with5types_vehicle,"['armor_rifle', '7']","['armor_squadleader', '1']","['armor_rifle_grenadier', '1']","['armor_mgun', '1']",['n/a'],['n/a'],['n/a'],['n/a'],['n/a'],373.39500000000015,3.7339499999999997
usa,engineers,9.25,9.25,9.25,4,447.0,0.0,squad_31,squad_with8types,"['engineer_squadleader', '1']","['engineer_grenadier', '2']","['engineer_at', '1']","['engineer_flamer', '1']","['engineer', '4']","['engineer2', '1']","['engineer3', '1']","['engineer4', '1']",['n/a'],447.0750000000002,4.47075
usa,specialinf,9.75,9.75,9.75,5,589.0,0.0,squad_6,squad_with6types,"['elite4_sgt', '1']","['elite5', '4']","['elite5_grenadier', '1']","['elite6', '3']","['elite6_asst', '3']","['marine_shotgun', '1']",['n/a'],['n/a'],['n/a'],589.675,5.89675
usa,elites,14.5,14.5,14.5,6,622.0,0.0,squad_5,squad_with9types,"['elite_sgt', '1']","['elite', '2']","['elitec', '1']","['eliteb', '3']","['elite_grenadier', '1']","['elite3', '1']","['elite3_asst', '1']","['elite3b', '1']","['elite3b_asst', '1']",622.8900000000002,6.2289
usa,elites_drop,14.5,14.5,14.5,6,622.0,0.0,squad_5,squad_with9types_vehicle,"['elite_sgt', '1']","['elite', '2']","['elitec', '1']","['eliteb', '3']","['elite_grenadier', '1']","['elite3', '1']","['elite3_asst', '1']","['elite3b', '1']","['elite3b_asst', '1']",622.8900000000002,6.2289
usa,elites_101st,21.0,21.0,21.0,7,769.0,0.0,squad_5,squad_with9types,"['elite_101st_para_sgt', '1']","['elite_101st_para', '1']","['elite_101st_parab', '2']","['elite_101st_para_grenadier', '1']","['elite_101st_para3', '2']","['elite_101st_para3_asst', '2']","['elite_101st_para3b', '1']","['elite_101st_para3b_asst', '1']","['elite_101st_para4', '1']",769.0200000000001,7.690200000000002
usa,elites_101st_drop,21.0,21.0,21.0,7,769.0,0.0,squad_5,squad_with9types_vehicle,"['elite_101st_para_sgt', '1']","['elite_101st_para', '1']","['elite_101st_parab', '2']","['elite_101st_para_grenadier', '1']","['elite_101st_para3', '2']","['elite_101st_para3_asst', '2']","['elite_101st_para3b', '1']","['elite_101st_para3b_asst', '1']","['elite_101st_para4', '1']",769.0200000000001,7.690200000000002
usa,paramarines,18.0,18.0,18.0,7,701.0,0.0,squad_5,squad_with8types,"['paramarine_sgt', '1']","['paramarine2', '1']","['paramarine', '1']","['paramarineb', '3']","['paramarine_grenadier', '1']","['paramarine3', '2']","['paramarine3_asst', '2']","['paramarine_boys', '1']",['n/a'],701.6200000000001,7.016199999999999
usa,paramarines_drop,,,,6,643.0,0.0,squad_5,squad_with7types_vehicle,"['paramarine_sgt', '1']","['paramarine2', '1']","['paramarine', '1']","['paramarineb', '3']","['paramarine_grenadier', '1']","['paramarine3', '2']","['paramarine3_asst', '2']","['paramarineb_boys_at', '1']",['n/a'],643.1850000000001,6.431849999999999
usa,stormtroopers,16.0,16.0,16.0,7,753.0,0.0,squad_5,squad_with8types,"['sturmovik_sgt', '1']","['sturmovik', '1']","['sturmovik2', '2']","['sturmovik2_asst', '2']","['sturmovik5', '1']","['sturmovik4', '2']","['sturmovik_grenadier', '1']","['sturmovik4b', '2']",['n/a'],753.06,7.5306
usa,stormtroopers_assault,16.25,16.25,16.25,7,747.0,0.0,squad_5,squad_with7types,"['sturmovik_sgt', '1']","['sturmovik1', '2']","['sturmovik2', '1']","['sturmovik4', '5']","['sturmovik_grenadier', '1']","['sturmovik6_mg', '1']","['sturmovik6b', '1']",['n/a'],['n/a'],747.1300000000001,7.4712999999999985
usa,stormtroopers_heavy,15.75,15.75,15.75,7,758.0,0.0,squad_5,squad_with8types,"['sturmovik_sgt', '1']","['sturmovik', '2']","['sturmovik2', '2']","['sturmovik5', '2']","['sturmovik4', '2']","['sturmovik_grenadier', '1']","['sturmovik4b', '1']","['sturmovik_sniper', '1']",['n/a'],758.69,7.586899999999998
usa,devils_brigade,18.0,18.0,18.0,7,706.0,7.0,squad_5,squad_with6types,"['devil_brigade_sl', '1']","['devil_brigade_demo', '3']","['devil_brigade_radio', '1']","['devil_brigade_grenadier', '2']","['devil_brigade_mg', '1']","['devil_brigade_rifle', '4']",['n/a'],['n/a'],['n/a'],706.0200000000001,7.060199999999998
,,0.0,0.0,0.0,380,,,squad_5,vb3,['n/a'],['n/a'],['n/a'],['n/a'],['n/a'],['n/a'],['n/a'],['n/a'],['n/a'],0.0,0.0
usa,ap_miners,4.0,4.0,4.0,1,147.0,1.0,squad_7,squad_with1types,"['ap_miner', '4']",['n/a'],['n/a'],['n/a'],['n/a'],['n/a'],['n/a'],['n/a'],['n/a'],147.08000000000007,1.4708
usa,at_miners,4.0,4.0,4.0,1,147.0,1.0,squad_8,squad_with1types,"['at_miner', '4']",['n/a'],['n/a'],['n/a'],['n/a'],['n/a'],['n/a'],['n/a'],['n/a'],147.48000000000005,1.4748
usa,sappers,2.0,2.0,2.0,0,73.0,0.0,squad_9,squad_with1types,"['saper', '2']",['n/a'],['n/a'],['n/a'],['n/a'],['n/a'],['n/a'],['n/a'],['n/a'],73.74000000000002,0.7374
usa,vehic_supporter,1.0,4.0,0.5,0,75.0,0.0,soldier_3,squad_with1types,"['vehicle_supporter', '2']",['n/a'],['n/a'],['n/a'],['n/a'],['n/a'],['n/a'],['n/a'],['n/a'],75.13000000000001,0.7513
usa,tankmans,1.5,7.0,1.5,1,165.0,2.0,soldier_3,squad_with2types,"['tankman2', '1']","['tankman', '4']",['n/a'],['n/a'],['n/a'],['n/a'],['n/a'],['n/a'],['n/a'],165.59999999999997,1.6560000000000001
usa,elite_tankmans,0.5,2.2,0.5,0,37.0,0.0,soldier_3,squad_with1types,"['vet_tankman2', '1']",['n/a'],['n/a'],['n/a'],['n/a'],['n/a'],['n/a'],['n/a'],['n/a'],37.94999999999998,0.37949999999999995
usa,riflemans2,0.75,0.75,0.75,0,36.0,0.0,soldier_1,squad_with1types,"['rifle', '1']",['n/a'],['n/a'],['n/a'],['n/a'],['n/a'],['n/a'],['n/a'],['n/a'],36.99500000000002,0.36994999999999995
usa,rifle3,0.5,0.5,0.5,0,36.0,0.0,soldier_sa,squad_with1types,"['rifle3', '1']",['n/a'],['n/a'],['n/a'],['n/a'],['n/a'],['n/a'],['n/a'],['n/a'],36.72,0.3672
usa,smgs2,0.75,0.75,0.75,0,36.0,0.0,soldier_2,squad_with1types,"['smg', '1']",['n/a'],['n/a'],['n/a'],['n/a'],['n/a'],['n/a'],['n/a'],['n/a'],36.89500000000002,0.36894999999999994
usa,shotguns,1.0,1.0,1.0,0,42.0,0.0,soldier_4,squad_with1types,"['marine_shotgun', '1']",['n/a'],['n/a'],['n/a'],['n/a'],['n/a'],['n/a'],['n/a'],['n/a'],42.265,0.4226500000000001
usa,bazookers,2.0,3.0,2.0,0,73.0,0.0,soldier_5,squad_with2types,"['bazooker', '1']","['bazooker2', '1']",['n/a'],['n/a'],['n/a'],['n/a'],['n/a'],['n/a'],['n/a'],73.84000000000002,0.7384000000000001
usa,stormtrooper5,2.5,2.5,2.5,1,128.0,0.0,soldier_5,squad_with2types,"['sturmovik5', '1']","['sturmovik5b', '1']",['n/a'],['n/a'],['n/a'],['n/a'],['n/a'],['n/a'],['n/a'],128.53000000000003,1.2852999999999999
usa,stormtrooper_at,1.25,1.25,1.25,0,64.0,0.0,soldier_5,squad_with1types,"['sturmovik3', '1']",['n/a'],['n/a'],['n/a'],['n/a'],['n/a'],['n/a'],['n/a'],['n/a'],64.26500000000001,0.6426499999999999
usa,mgs2,2.25,2.25,2.25,1,111.0,0.0,soldier_6,squad_with3types,"['mgun', '1']","['mgun_asst', '1']","['rifle', '1']",['n/a'],['n/a'],['n/a'],['n/a'],['n/a'],['n/a'],111.18500000000004,1.1118499999999998
usa,mg2,2.25,2.25,2.25,1,110.0,0.0,soldier_6,squad_with3types,"['mgun2', '1']","['mgun2_asst', '1']","['rifle', '1']",['n/a'],['n/a'],['n/a'],['n/a'],['n/a'],['n/a'],110.68500000000004,1.10685
usa,elite3,3.5,3.5,3.5,1,165.0,1.0,squad_4,squad_with3types,"['elite3', '1']","['elite3_asst', '1']","['eliteb', '1']",['n/a'],['n/a'],['n/a'],['n/a'],['n/a'],['n/a'],165.27500000000003,1.65275
usa,elite6,2.5,2.5,2.5,1,184.0,1.0,squad_4,squad_with3types,"['elite6', '1']","['elite6_asst', '1']","['elite5', '2']",['n/a'],['n/a'],['n/a'],['n/a'],['n/a'],['n/a'],184.05499999999998,1.84055
usa,elite_101st_para3,5.25,5.25,5.25,1,192.0,1.0,squad_4,squad_with3types,"['elite_101st_para3', '1']","['elite_101st_para3_asst', '1']","['elite_101st_para', '1']",['n/a'],['n/a'],['n/a'],['n/a'],['n/a'],['n/a'],192.63000000000005,1.9263000000000003
usa,stormtrooper6,5.75,5.75,5.75,2,239.0,2.0,squad_4,squad_with3types,"['sturmovik6', '1']","['sturmovik2_asst', '1']","['sturmovik1', '2']",['n/a'],['n/a'],['n/a'],['n/a'],['n/a'],['n/a'],239.67000000000002,2.396699999999999
usa,elite3b,3.75,3.75,3.75,1,143.0,1.0,squad_4,squad_with3types,"['elite3b', '1']","['elite3b_asst', '1']","['eliteb', '1']",['n/a'],['n/a'],['n/a'],['n/a'],['n/a'],['n/a'],143.72000000000003,1.4371999999999998
usa,paramarine3,6.0,6.0,6.0,2,233.0,2.0,squad_4,squad_with3types,"['paramarine3', '1']","['paramarine3_asst', '1']","['paramarineb', '2']",['n/a'],['n/a'],['n/a'],['n/a'],['n/a'],['n/a'],233.94,2.3393999999999995
usa,elite_101st_para3b,5.25,5.25,5.25,1,192.0,1.0,squad_4,squad_with3types,"['elite_101st_para3b', '1']","['elite_101st_para3b_asst', '1']","['elite_101st_para', '1']",['n/a'],['n/a'],['n/a'],['n/a'],['n/a'],['n/a'],192.53000000000003,1.9253000000000002
usa,flamers,2.0,2.0,2.0,0,73.0,0.0,soldier_8,squad_with2types,"['flamer', '1']","['flamer2', '1']",['n/a'],['n/a'],['n/a'],['n/a'],['n/a'],['n/a'],['n/a'],73.74000000000002,0.7374
usa,snipers,5.0,8.0,2.0,0,58.0,0.0,soldier_9,squad_with1types,"['sniper', '1']",['n/a'],['n/a'],['n/a'],['n/a'],['n/a'],['n/a'],['n/a'],['n/a'],58.8,0.588
usa,officers,-10.0,20.0,10.0,0,49.0,0.0,soldier_10,squad_with1types,"['oficer', '1']",['n/a'],['n/a'],['n/a'],['n/a'],['n/a'],['n/a'],['n/a'],['n/a'],49.6,0.496
usa,radioman_mortar,5.0,20.0,1.0,0,39.0,0.0,radio_1,squad_with1types,"['radioman_mortar', '1']",['n/a'],['n/a'],['n/a'],['n/a'],['n/a'],['n/a'],['n/a'],['n/a'],39.645,0.39645
usa,radioman_105,,,,0,36.0,0.0,radio_1,squad_with1types,"['radioman_105', '1']",['n/a'],['n/a'],['n/a'],['n/a'],['n/a'],['n/a'],['n/a'],['n/a'],36.94500000000001,0.36945
usa,radioman_155,,,,0,36.0,0.0,radio_1,squad_with1types,"['radioman_155', '1']",['n/a'],['n/a'],['n/a'],['n/a'],['n/a'],['n/a'],['n/a'],['n/a'],36.645,0.36645
usa,radioman_240,5.0,20.0,1.0,0,39.0,0.0,radio_1,squad_with1types,"['radioman_240', '1']",['n/a'],['n/a'],['n/a'],['n/a'],['n/a'],['n/a'],['n/a'],['n/a'],39.54500000000001,0.39545
