country,buyName,commandPower,score,captureWeight,cooldown,mp,unlockTime,group,types,c1,c2,c3,c4,c5,c6,c7,c8,c9
eng,smgs,6.5,6.5,6.5,3,380,0,squad_2,squad_with6types,"['squadleader2', '1']","['squadleader_asst', '1']","['rifle2', '3']","['smg2', '3']","['mgun', '1']","['mgun_asst', '1']",['n/a'],['n/a'],['n/a']
eng,pioneers,12.0,12.0,12.0,4,445,0,squad_2,squad_with9types,"['pioneer_sl', '1']","['pioneer_flamer', '1']","['pioneer_mg', '1']","['pioneer_at', '1']","['pioneer_rifle1', '1']","['pioneer_rifle2', '1']","['pioneer_rifle3', '4']","['pioneer_rifle4', '1']","['pioneer_rifle5', '1']"
eng,riflemans_can,6.0,6.0,6.0,3,373,0,squad_3,squad_with4types,"['squadleader_can', '1']","['rifle3', '7']","['mgun2', '1']","['mgun2_asst', '1']",['n/a'],['n/a'],['n/a'],['n/a'],['n/a']
eng,riflemans,8.25,8.25,8.25,3,381,0,squad_3,squad_with7types,"['squadleader', '1']","['squadleader_asst', '1']","['rifle', '4']","['rifle_grenadier', '1']","['mgun', '1']","['mgun_asst', '1']","['rifle_at', '1']",['n/a'],['n/a']
eng,riflemans_at,8.5,9.0,8.5,3,381,0,squad_3,squad_with6types,"['squadleader', '1']","['squadleader_asst', '1']","['rifle', '5']","['bazooker', '1']","['mgun', '1']","['mgun_asst', '1']",['n/a'],['n/a'],['n/a']
eng,riflemans_scot,12.5,12.5,12.5,3,382,0,squad_3,squad_with4types,"['squadleader_scot', '1']","['rifle_scot', '7']","['mgun_scot', '1']","['mgun_scot_asst', '1']",['n/a'],['n/a'],['n/a'],['n/a'],['n/a']
eng,mech_rifles,8.25,8.25,8.25,3,381,72,squad_33,squad_with7types_vehicle,"['squadleader', '1']","['squadleader_asst', '1']","['rifle', '4']","['rifle_grenadier', '1']","['mgun', '1']","['mgun_asst', '1']","['rifle_at', '1']",['n/a'],['n/a']
eng,elites_40,10.75,10.75,10.75,5,587,0,squad_5,squad_with4types,"['elite_cpl', '1']","['elite_40', '3']","['elite2_40', '4']","['elite3', '2']",['n/a'],['n/a'],['n/a'],['n/a'],['n/a']
eng,elites,12.0,12.0,12.0,5,588,0,squad_5,squad_with6types,"['elite_cpl', '1']","['elite_2ic', '1']","['elite', '2']","['elite2', '2']","['elite3', '2']","['elite3_asst', '2']",['n/a'],['n/a'],['n/a']
eng,paratroopers,15.5,15.5,15.5,6,639,0,squad_5,squad_with6types,"['para_cpl', '1']","['para_2ic', '1']","['para2', '3']","['para4', '2']","['para', '2']","['para_mortar', '1']",['n/a'],['n/a'],['n/a']
eng,stormtroopers,13.5,13.5,13.5,6,642,0,squad_5,squad_with7types,"['sturmovik_cpl', '1']","['sturmovik_2ic', '1']","['sturmovik3', '1']","['sturmovik4', '1']","['sturmovik6', '2']","['sturmovik6b', '2']","['sturmovik4b', '2']",['n/a'],['n/a']
eng,paratroopers_drop,15.5,15.5,15.5,6,639,0,squad_5,squad_with6types_vehicle,"['para_cpl', '1']","['para_2ic', '1']","['para2', '3']","['para4', '2']","['para', '2']","['para_mortar', '1']",['n/a'],['n/a'],['n/a']
eng,stormtroopers_drop,13.5,13.5,13.5,6,642,0,squad_5,squad_with7types_vehicle,"['sturmovik_cpl', '1']","['sturmovik_2ic', '1']","['sturmovik3', '1']","['sturmovik4', '1']","['sturmovik6', '2']","['sturmovik6b', '2']","['sturmovik4b', '2']",['n/a'],['n/a']
eng,ap_miners,4.0,4.0,4.0,1,147,1,squad_7,squad_with1types,"['ap_miner', '4']",['n/a'],['n/a'],['n/a'],['n/a'],['n/a'],['n/a'],['n/a'],['n/a']
eng,at_miners,4.0,4.0,4.0,1,147,1,squad_8,squad_with1types,"['at_miner', '4']",['n/a'],['n/a'],['n/a'],['n/a'],['n/a'],['n/a'],['n/a'],['n/a']
eng,sappers,2.0,2.0,2.0,0,73,0,squad_9,squad_with1types,"['saper', '2']",['n/a'],['n/a'],['n/a'],['n/a'],['n/a'],['n/a'],['n/a'],['n/a']
eng,vehic_supporter,1.0,4.0,0.5,0,75,0,soldier_3,squad_with1types,"['vehicle_supporter', '2']",['n/a'],['n/a'],['n/a'],['n/a'],['n/a'],['n/a'],['n/a'],['n/a']
eng,tankmans,1.5,7.0,1.5,1,165,2,soldier_3,squad_with2types,"['tankman2', '1']","['tankman', '4']",['n/a'],['n/a'],['n/a'],['n/a'],['n/a'],['n/a'],['n/a']
eng,elite_tankmans,0.5,2.2,0.5,0,37,0,soldier_3,squad_with1types,"['vet_tankman2', '1']",['n/a'],['n/a'],['n/a'],['n/a'],['n/a'],['n/a'],['n/a'],['n/a']
eng,riflemans2,0.75,0.75,0.75,0,36,0,soldier_1,squad_with1types,"['rifle', '1']",['n/a'],['n/a'],['n/a'],['n/a'],['n/a'],['n/a'],['n/a'],['n/a']
eng,smgs2,0.75,0.75,0.75,0,36,0,soldier_2,squad_with1types,"['smg', '1']",['n/a'],['n/a'],['n/a'],['n/a'],['n/a'],['n/a'],['n/a'],['n/a']
eng,at_rifles,2.0,3.0,2.0,0,74,0,soldier_4,squad_with2types,"['at_rifle', '1']","['at_rifle2', '1']",['n/a'],['n/a'],['n/a'],['n/a'],['n/a'],['n/a'],['n/a']
eng,bazookers,2.0,3.0,2.0,0,73,0,soldier_5,squad_with2types,"['bazooker', '1']","['bazooker2', '1']",['n/a'],['n/a'],['n/a'],['n/a'],['n/a'],['n/a'],['n/a']
eng,stormtrooper5,2.5,2.5,2.5,1,128,0,soldier_5,squad_with2types,"['sturmovik5', '1']","['sturmovik5b', '1']",['n/a'],['n/a'],['n/a'],['n/a'],['n/a'],['n/a'],['n/a']
eng,mgs2,0.75,0.75,0.75,0,36,0,soldier_6,squad_with1types,"['mgun', '1']",['n/a'],['n/a'],['n/a'],['n/a'],['n/a'],['n/a'],['n/a'],['n/a']
eng,elite3,3.0,3.0,3.0,1,176,1,squad_4,squad_with2types,"['elite3', '1']","['elite2', '2']",['n/a'],['n/a'],['n/a'],['n/a'],['n/a'],['n/a'],['n/a']
eng,stormtrooper6,3.75,3.75,3.75,1,192,1,squad_4,squad_with2types,"['sturmovik6', '1']","['sturmovik6b', '2']",['n/a'],['n/a'],['n/a'],['n/a'],['n/a'],['n/a'],['n/a']
eng,flamers,2.0,2.0,2.0,0,73,0,soldier_8,squad_with2types,"['flamer', '1']","['flamer2', '1']",['n/a'],['n/a'],['n/a'],['n/a'],['n/a'],['n/a'],['n/a']
eng,snipers,5.0,8.0,2.0,0,58,0,soldier_9,squad_with1types,"['sniper', '1']",['n/a'],['n/a'],['n/a'],['n/a'],['n/a'],['n/a'],['n/a'],['n/a']
eng,officers,-10.0,20.0,10.0,0,49,0,soldier_10,squad_with1types,"['oficer', '1']",['n/a'],['n/a'],['n/a'],['n/a'],['n/a'],['n/a'],['n/a'],['n/a']
eng,snipers_d,5.0,8.0,2.0,0,58,0,soldier_12,squad_with1types,"['sniper', '1']",['n/a'],['n/a'],['n/a'],['n/a'],['n/a'],['n/a'],['n/a'],['n/a']
ger,home_guards,2.5,2.5,2.5,3,309,0,squad_1,squad_with4types,"['home_guard', '4']","['home_guard2', '2']","['home_guard3', '2']","['home_guard4', '2']",['n/a'],['n/a'],['n/a'],['n/a'],['n/a']
ger,volksgrens,4.0,4.0,4.0,2,250,0,squad_2,squad_with7types,"['volksgren_sl_smg', '1']","['volksgren_sl_asst', '1']","['volksgren_mg', '1']","['volksgren_mg_asst', '1']","['volksgren_rifle', '1']","['volksgren_pzfst', '2']","['volksgren_grenadier', '1']",['n/a'],['n/a']
ger,volksgrens_sturm,4.5,4.5,4.5,2,281,0,squad_2,squad_with6types,"['volksgren_sl_stg', '1']","['volksgren_sl_asst', '1']","['volksgren_stg44', '3']","['volksgren_pzfst2', '2']","['volksgren_smg', '1']","['volksgren_sa', '1']",['n/a'],['n/a'],['n/a']
ger,volksgrens_heavy,4.5,4.5,4.5,2,281,0,squad_2,squad_with7types,"['volksgren_sl_stg', '1']","['volksgren_sl_asst', '1']","['volksgren_stg44', '1']","['volksgren_pzfst2', '2']","['volksgren_mg', '2']","['volksgren_mg_asst2', '1']","['volksgren_mg_asst3', '1']",['n/a'],['n/a']
ger_ss,ssvts_44,4.5,4.5,4.5,2,291,0,squad_1,squad_with6types,"['ssvt_sl', '1']","['ssvt_sl_asst', '1']","['ssvt_rifle', '5']","['ssvt_mg', '1']","['ssvt_mg_asst', '1']",['n/a'],['n/a'],['n/a'],['n/a']
ger_ss,kosaken_44,4.5,4.5,4.5,2,281,0,squad_1,squad_with6types,"['kosaken_sl', '1']","['kosaken_sl_asst', '1']","['kosaken_smg', '1']","['kosaken_rifle', '4']","['kosaken_mg', '1']","['kosaken_mg_asst', '1']",['n/a'],['n/a'],['n/a']
ger,sturmgrens_44,7.75,7.75,7.75,3,304,0,squad_22,squad_with4types,"['squadleader2', '1']","['sturmgren_sl_asst', '1']","['sturmgren_sg44', '4']","['sturmgren_sg44_pzfst', '2']",['n/a'],['n/a'],['n/a'],['n/a'],['n/a']
ger,sturmgrens_44_mech,8.75,11.75,8.25,3,379,3,squad_22,squad_with5types_vehicle,"['vehicle_supporter', '2']","['squadleader2', '1']","['sturmgren_sl_asst', '1']","['sturmgren_sg44', '4']","['sturmgren_sg44_pzfst', '2']",['n/a'],['n/a'],['n/a'],['n/a']
ger,grenadiers_44,9.25,9.25,9.25,3,347,0,squad_33,squad_with8types,"['squadleader', '1']","['grenadier_ober_44', '1']","['grenadier_sa_44', '1']","['grenadier_rifle_44', '1']","['grenadier_rifle_grenadier', '1']","['grenadier_pzfst', '2']","['grenadier_mg', '1']","['grenadier_mg_asst', '1']",['n/a']
ger_ss,grenadiers_44,9.75,9.75,9.75,3,352,0,squad_3,squad_with8types,"['grenadier_sl', '1']","['grenadier_sl_asst_44', '1']","['grenadier_stg', '1']","['grenadier_sa_44', '2']","['grenadier_pzfst', '1']","['grenadier_mg', '1']","['grenadier_mg_asst', '1']","['grenadier_rifle_grenadier3', '1']",['n/a']
ger_ss,sturmgrens,11.0,11.0,11.0,3,378,0,squad_sturm,squad_with7types,"['sturmgren_sl', '1']","['sturmgren_sl_asst', '1']","['sturmgren_stg', '2']","['sturmgren_stg_pzf', '1']","['sturmgren_smg', '2']","['sturmgren_sa', '1']","['sturmgren_sa_scope', '1']",['n/a'],['n/a']
ger_ss,sturmgrens_heavy,11.0,11.0,11.0,3,378,0,squad_sturm,squad_with7types,"['sturmgren_sl', '1']","['sturmgren_sl_asst', '1']","['sturmgren_stg', '1']","['sturmgren_stg_pzf', '1']","['sturmgren_mg', '2']","['sturmgren_mg_asst', '2']","['sturmgren_sa_scope', '1']",['n/a'],['n/a']
ger_ss,gebirgs_44,11.25,11.25,11.25,3,384,0,squad_3,squad_with6types,"['gebirgs_sl', '1']","['gebirgs_sl_asst_k98', '1']","['gebirgs_pzfst', '2']","['gebirgs_rifle', '3']","['gebirgs_mg', '1']","['gebirgs_mg_asst', '1']",['n/a'],['n/a'],['n/a']
ger_ss,gebirgs_cqc_44,11.25,11.25,11.25,3,384,0,squad_3,squad_with6types,"['gebirgs_sl', '1']","['gebirgs_sl_asst', '1']","['gebirgs_pzfst_ber', '2']","['gebirgs_smg', '3']","['gebirgs_mg', '1']","['gebirgs_mg_asst', '1']",['n/a'],['n/a'],['n/a']
ger,fusiliers_44,11.25,11.25,11.25,3,385,0,squad_33,squad_with8types,"['fusilier_sl', '1']","['fusilier_sl_asst', '1']","['fusilier_stg', '2']","['fusilier_sa', '1']","['fusilier_pzfst_sa', '1']","['fusilier_pzfst', '1']","['fusilier_mg', '1']","['fusilier_mg_asst', '1']",['n/a']
ger,jagers_44,12.5,12.5,12.5,4,427,0,squad_33,squad_with8types,"['jager_sl_stg', '1']","['jager_sl_stg_asst', '1']","['jager_stg', '1']","['jager_smg', '3']","['jager_sa', '1']","['jager_pzfst', '1']","['jager_mg', '1']","['jager_mg_asst', '1']",['n/a']
ger_ss,sturmpios,10.25,10.25,10.25,3,379,0,squad_3,squad_with9types,"['sturmpio_sl', '1']","['sturmpio1', '1']","['sturmpio2', '1']","['sturmpio3', '1']","['sturmpio4', '2']","['pzgren_pio_flamer', '1']","['sturmpio_mg', '1']","['sturmpio_mg_asst', '1']","['sturmpio_at', '1']"
ger,pzgren_pios,10.25,10.25,10.25,3,379,0,squad_34,squad_with8types,"['pzgren_pio_sl', '1']","['pzgren_pio1', '1']","['pzgren_pio2', '1']","['pzgren_pio3', '1']","['pzgren_pio_flamer', '1']","['pzgren_pio_mg', '2']","['pzgren_pio_mg_asst', '2']","['pzgren_pio_at', '1']",['n/a']
ger,stormtroopers_44,11.25,11.25,11.25,4,493,0,squad_34,squad_with7types,"['sturmovik_sl', '1']","['sturmovik_sl_asst', '1']","['sturmovik_pzfst_stg', '1']","['sturmovik2', '1']","['sturmovik_pzfst_sa', '1']","['sturmovik6', '2']","['sturmovik6b', '2']",['n/a'],['n/a']
ger,pzgren_mech,11.75,13.25,11.5,5,531,5,squad_34,squad_with8types_vehicle,"['vehicle_supporter', '1']","['sturmovik_sl_asst', '1']","['sturmovik_sl', '1']","['sturmovik_pzfst_stg', '1']","['sturmovik2', '1']","['sturmovik_pzfst_sa', '1']","['sturmovik6', '2']","['sturmovik6b', '2']",['n/a']
ger,grenadiers_elite,15.75,15.75,15.75,3,386,0,squad_5,squad_with7types,"['gd_pzgren_sl_stg', '1']","['gd_pzgren_sl_asst_stg', '1']","['gd_pzgren_pzfst_stg', '1']","['gd_pzgren_sa_scope', '1']","['gd_pzgren_pzfst_sa', '1']","['gd_pzgren_mg', '2']","['gd_pzgren_mg_asst', '2']",['n/a'],['n/a']
ger_ss,pzgrens_44,11.25,11.25,11.25,3,384,0,squad_55,squad_with7types,"['pzgren_sl_stg', '1']","['pzgren_sl_asst_pzfst', '1']","['pzgren_stg', '1']","['pzgren_pzfst_sa', '1']","['pzgren_pzfst', '1']","['pzgren_mg', '2']","['pzgren_mg_asst', '2']",['n/a'],['n/a']
ger_ss,pzgren_mech,12.75,17.25,12.0,4,497,4,squad_55,squad_with8types_vehicle,"['vehicle_supporter', '3']","['pzgren_sl_stg', '1']","['pzgren_sl_asst_pzfst', '1']","['pzgren_stg', '1']","['pzgren_pzfst_sa', '1']","['pzgren_pzfst', '1']","['pzgren_mg', '2']","['pzgren_mg_asst', '2']",['n/a']
ger_ss,tk_pzgrens_44,16.5,16.5,16.5,4,470,0,squad_5,squad_with9types,"['tk_pzgren_sl', '1']","['tk_pzgren_sl_asst', '1']","['tk_pzgren_pzfst_stg', '1']","['tk_pzgren_sa', '1']","['tk_pzgren_pzfst60_sa', '1']","['tk_pzgren_pzfst', '1']","['tk_pzgren_rifle', '1']","['tk_pzgren_mg', '2']","['tk_pzgren_mg_asst', '2']"
ger_ss,lssah_pzgrens_44,19.25,19.25,19.25,4,471,0,squad_5,squad_with9types,"['lssah_pzgren_sl_stg', '1']","['lssah_pzgren_sl_asst_sa', '1']","['lssah_pzgren_pzfst_stg', '1']","['lssah_pzgren_pzfst', '1']","['lssah_pzgren_pzfst60_sa', '1']","['lssah_pzgren_mg', '2']","['lssah_pzgren_mg_asst', '2']","['lssah_pzgren_at', '1']","['lssah_pzgren_at2', '1']"
ger_ss,lssah_mech,18.0,19.5,17.75,4,466,0,squad_5,squad_with10types_vehicle,"['vehicle_supporter', '1']","['lssah_pzgren_sl_stg', '1']","['lssah_pzgren_sl_asst_sa', '1']","['lssah_pzgren_pzfst_stg', '1']","['lssah_pzgren_pzfst', '1']","['lssah_pzgren_pzfst60_sa', '1']","['lssah_pzgren_mg', '2']","['lssah_pzgren_mg_asst', '2']","['lssah_pzgren_at', '1']"
ger,gebirgsjager_44,17.5,17.5,17.5,6,669,0,squad_5,squad_with7types,"['gebirgsjager_sl_stg', '1']","['gebirgsjager_sl_asst_stg', '1']","['gebirgsjager_stg', '2']","['gebirgsjager_smg', '3']","['gebirgsjager_pzfst_sa', '1']","['gebirgsjager_mg', '1']","['gebirgsjager_mg_asst', '1']",['n/a'],['n/a']
ger,elites_44,13.5,13.5,13.5,6,642,0,squad_5,squad_with7types,"['fallschirm_sl', '1']","['fallschirm_sl_asst_fg_44', '1']","['fallschirm_sniper', '1']","['fallschirm_grenadier', '2']","['fallschirm_pzfst_stg', '1']","['fallschirm_mg', '2']","['fallschirm_mg_asst', '2']",['n/a'],['n/a']
ger_ss,elites_44,12.0,12.0,12.0,7,717,7,squad_6,squad_with7types,"['fallschirm_sl', '1']","['fallschirm_sl_asst_smg', '1']","['fallschirm_smg', '2']","['fallschirm_rifle', '4']","['fallschirm_mg', '2']","['fallschirm_mg_asst', '2']",['n/a'],['n/a'],['n/a']
ger_ss,elites_44_drop,12.0,12.0,12.0,7,717,7,squad_6,squad_with7types_vehicle,"['fallschirm_sl', '1']","['fallschirm_sl_asst_smg', '1']","['fallschirm_smg', '2']","['fallschirm_rifle', '4']","['fallschirm_mg', '2']","['fallschirm_mg_asst', '2']",['n/a'],['n/a'],['n/a']
ger,elites_44_drop,13.5,13.5,13.5,6,642,0,squad_5,squad_with7types_vehicle,"['fallschirm_sl', '1']","['fallschirm_sl_asst_fg_44', '1']","['fallschirm_sniper', '1']","['fallschirm_grenadier', '2']","['fallschirm_pzfst_stg', '1']","['fallschirm_mg', '2']","['fallschirm_mg_asst', '2']",['n/a'],['n/a']
ger_ss,ap_miners,4.0,4.0,4.0,1,147,1,squad_7,squad_with1types,"['ap_miner', '4']",['n/a'],['n/a'],['n/a'],['n/a'],['n/a'],['n/a'],['n/a'],['n/a']
ger,ap_miners,4.0,4.0,4.0,1,147,1,squad_7,squad_with1types,"['ap_miner', '4']",['n/a'],['n/a'],['n/a'],['n/a'],['n/a'],['n/a'],['n/a'],['n/a']
ger_ss,at_miners,4.0,4.0,4.0,1,147,1,squad_8,squad_with1types,"['at_miner', '4']",['n/a'],['n/a'],['n/a'],['n/a'],['n/a'],['n/a'],['n/a'],['n/a']
ger,at_miners,4.0,4.0,4.0,1,147,1,squad_8,squad_with1types,"['at_miner', '4']",['n/a'],['n/a'],['n/a'],['n/a'],['n/a'],['n/a'],['n/a'],['n/a']
ger_ss,sappers,2.0,2.0,2.0,0,73,0,squad_9,squad_with1types,"['saper', '2']",['n/a'],['n/a'],['n/a'],['n/a'],['n/a'],['n/a'],['n/a'],['n/a']
ger,sappers,2.0,2.0,2.0,0,73,0,squad_9,squad_with1types,"['saper', '2']",['n/a'],['n/a'],['n/a'],['n/a'],['n/a'],['n/a'],['n/a'],['n/a']
ger_ss,vehic_supporter,1.0,4.0,0.5,0,75,0,soldier_3,squad_with1types,"['vehicle_supporter', '2']",['n/a'],['n/a'],['n/a'],['n/a'],['n/a'],['n/a'],['n/a'],['n/a']
ger,vehic_supporter,1.0,4.0,0.5,0,75,0,soldier_3,squad_with1types,"['vehicle_supporter', '2']",['n/a'],['n/a'],['n/a'],['n/a'],['n/a'],['n/a'],['n/a'],['n/a']
ger_ss,tankmans,1.5,7.0,1.5,1,165,2,soldier_3,squad_with2types,"['tankman2', '1']","['tankman', '4']",['n/a'],['n/a'],['n/a'],['n/a'],['n/a'],['n/a'],['n/a']
ger,tankmans,1.5,7.0,1.5,1,165,2,soldier_3,squad_with2types,"['tankman2', '1']","['tankman', '4']",['n/a'],['n/a'],['n/a'],['n/a'],['n/a'],['n/a'],['n/a']
ger_ss,elite_tankmans,0.5,2.2,0.5,0,37,0,soldier_3,squad_with1types,"['vet_tankman2', '1']",['n/a'],['n/a'],['n/a'],['n/a'],['n/a'],['n/a'],['n/a'],['n/a']
ger,elite_tankmans,0.5,2.2,0.5,0,37,0,soldier_3,squad_with1types,"['vet_tankman2', '1']",['n/a'],['n/a'],['n/a'],['n/a'],['n/a'],['n/a'],['n/a'],['n/a']
ger_ss,riflemans2,1.0,1.0,1.0,0,37,0,soldier_1,squad_with1types,"['grenadier_rifle', '1']",['n/a'],['n/a'],['n/a'],['n/a'],['n/a'],['n/a'],['n/a'],['n/a']
ger,riflemans2,1.0,1.0,1.0,0,37,0,soldier_1,squad_with1types,"['grenadier_rifle', '1']",['n/a'],['n/a'],['n/a'],['n/a'],['n/a'],['n/a'],['n/a'],['n/a']
ger_ss,grenadier_sa,1.0,1.0,1.0,0,37,0,soldier_sa,squad_with1types,"['grenadier_sa', '1']",['n/a'],['n/a'],['n/a'],['n/a'],['n/a'],['n/a'],['n/a'],['n/a']
ger,grenadier_sa,1.0,1.0,1.0,0,37,0,soldier_sa,squad_with1types,"['grenadier_sa', '1']",['n/a'],['n/a'],['n/a'],['n/a'],['n/a'],['n/a'],['n/a'],['n/a']
ger_ss,smgs2_40,1.0,1.0,1.0,0,37,0,soldier_2,squad_with1types,"['grenadier_smg', '1']",['n/a'],['n/a'],['n/a'],['n/a'],['n/a'],['n/a'],['n/a'],['n/a']
ger,smgs2_40,1.0,1.0,1.0,0,37,0,soldier_2,squad_with1types,"['grenadier_smg', '1']",['n/a'],['n/a'],['n/a'],['n/a'],['n/a'],['n/a'],['n/a'],['n/a']
ger,grenadier_stg,1.0,1.0,1.0,0,37,0,soldier_stg,squad_with1types,"['grenadier_stg', '1']",['n/a'],['n/a'],['n/a'],['n/a'],['n/a'],['n/a'],['n/a'],['n/a']
ger_ss,grenadier_stg,1.0,1.0,1.0,0,37,0,soldier_stg,squad_with1types,"['grenadier_stg', '1']",['n/a'],['n/a'],['n/a'],['n/a'],['n/a'],['n/a'],['n/a'],['n/a']
ger,at_rifles,2.0,3.0,2.0,0,74,0,soldier_4,squad_with2types,"['at_rifle', '1']","['at_rifle2', '1']",['n/a'],['n/a'],['n/a'],['n/a'],['n/a'],['n/a'],['n/a']
ger_ss,at_rifles,2.0,3.0,2.0,0,74,0,soldier_4,squad_with2types,"['at_rifle', '1']","['at_rifle2', '1']",['n/a'],['n/a'],['n/a'],['n/a'],['n/a'],['n/a'],['n/a']
ger_ss,bazookers,2.0,3.0,2.0,0,73,0,soldier_5,squad_with2types,"['bazooker', '1']","['bazooker2', '1']",['n/a'],['n/a'],['n/a'],['n/a'],['n/a'],['n/a'],['n/a']
ger_ss,bazooker3,2.0,3.0,2.0,0,74,0,soldier_5,squad_with1types,"['bazooker3', '2']",['n/a'],['n/a'],['n/a'],['n/a'],['n/a'],['n/a'],['n/a'],['n/a']
ger,bazookers,2.0,3.0,2.0,0,73,0,soldier_5,squad_with2types,"['bazooker', '1']","['bazooker2', '1']",['n/a'],['n/a'],['n/a'],['n/a'],['n/a'],['n/a'],['n/a']
ger,bazooker3,2.0,3.0,2.0,0,74,0,soldier_5,squad_with1types,"['bazooker3', '2']",['n/a'],['n/a'],['n/a'],['n/a'],['n/a'],['n/a'],['n/a'],['n/a']
ger,stormtrooper5,2.5,2.5,2.5,1,128,0,soldier_5,squad_with2types,"['sturmovik5', '1']","['sturmovik5b', '1']",['n/a'],['n/a'],['n/a'],['n/a'],['n/a'],['n/a'],['n/a']
ger,mg2,2.0,2.0,2.0,0,74,0,soldier_6,squad_with2types,"['grenadier_mg_39', '1']","['grenadier_mg_asst', '1']",['n/a'],['n/a'],['n/a'],['n/a'],['n/a'],['n/a'],['n/a']
ger_ss,mg2,2.0,2.0,2.0,0,74,0,soldier_6,squad_with2types,"['grenadier_mg_39', '1']","['grenadier_mg_asst', '1']",['n/a'],['n/a'],['n/a'],['n/a'],['n/a'],['n/a'],['n/a']
ger,mgs2,2.0,2.0,2.0,0,74,0,soldier_6,squad_with2types,"['grenadier_mg', '1']","['grenadier_mg_asst', '1']",['n/a'],['n/a'],['n/a'],['n/a'],['n/a'],['n/a'],['n/a']
ger_ss,mgs2,2.0,2.0,2.0,0,74,0,soldier_6,squad_with2types,"['grenadier_mg', '1']","['grenadier_mg_asst', '1']",['n/a'],['n/a'],['n/a'],['n/a'],['n/a'],['n/a'],['n/a']
ger,elite3,3.0,3.0,3.0,1,193,0,squad_4,squad_with2types,"['fallschirm_fg_43', '1']","['fallschirm_rifle', '2']",['n/a'],['n/a'],['n/a'],['n/a'],['n/a'],['n/a'],['n/a']
ger,stormtrooper6_39,3.75,3.75,3.75,1,171,1,squad_4,squad_with2types,"['sturmovik6_39', '1']","['sturmovik6b', '2']",['n/a'],['n/a'],['n/a'],['n/a'],['n/a'],['n/a'],['n/a']
ger,stormtrooper6,3.75,3.75,3.75,1,192,1,squad_4,squad_with2types,"['sturmovik6', '1']","['sturmovik6b', '2']",['n/a'],['n/a'],['n/a'],['n/a'],['n/a'],['n/a'],['n/a']
ger,gd_pzgren_mg,5.25,5.25,5.25,1,129,1,squad_4,squad_with2types,"['gd_pzgren_mg', '1']","['gd_pzgren_mg_asst', '2']",['n/a'],['n/a'],['n/a'],['n/a'],['n/a'],['n/a'],['n/a']
ger,fallschirm_mg_39,4.5,4.5,4.5,1,193,1,squad_4,squad_with2types,"['fallschirm_mg_39', '1']","['fallschirm_mg_asst_39', '2']",['n/a'],['n/a'],['n/a'],['n/a'],['n/a'],['n/a'],['n/a']
ger,fallschirm_mg,4.5,4.5,4.5,1,193,1,squad_4,squad_with2types,"['fallschirm_mg', '1']","['fallschirm_mg_asst_39', '2']",['n/a'],['n/a'],['n/a'],['n/a'],['n/a'],['n/a'],['n/a']
ger_ss,tk_pzgren_mg_39,4.5,4.5,4.5,1,128,1,squad_4,squad_with2types,"['tk_pzgren_mg_39', '1']","['tk_pzgren_mg_asst', '2']",['n/a'],['n/a'],['n/a'],['n/a'],['n/a'],['n/a'],['n/a']
ger_ss,tk_pzgren_mg,4.5,4.5,4.5,1,128,1,squad_4,squad_with2types,"['tk_pzgren_mg', '1']","['tk_pzgren_mg_asst', '2']",['n/a'],['n/a'],['n/a'],['n/a'],['n/a'],['n/a'],['n/a']
ger_ss,lssah_pzgren_mg_39,5.25,5.25,5.25,1,128,1,squad_4,squad_with2types,"['lssah_pzgren_mg_39', '1']","['lssah_pzgren_mg_asst', '2']",['n/a'],['n/a'],['n/a'],['n/a'],['n/a'],['n/a'],['n/a']
ger_ss,lssah_pzgren_mg,5.25,5.25,5.25,1,128,1,squad_4,squad_with2types,"['lssah_pzgren_mg', '1']","['lssah_pzgren_mg_asst', '2']",['n/a'],['n/a'],['n/a'],['n/a'],['n/a'],['n/a'],['n/a']
ger,flamers,2.0,2.0,2.0,0,73,0,soldier_8,squad_with2types,"['flamer', '1']","['flamer2', '1']",['n/a'],['n/a'],['n/a'],['n/a'],['n/a'],['n/a'],['n/a']
ger_ss,flamers,2.0,2.0,2.0,0,73,0,soldier_8,squad_with2types,"['flamer', '1']","['flamer2', '1']",['n/a'],['n/a'],['n/a'],['n/a'],['n/a'],['n/a'],['n/a']
ger,snipers,5.0,8.0,2.0,0,58,0,soldier_9,squad_with1types,"['sniper', '1']",['n/a'],['n/a'],['n/a'],['n/a'],['n/a'],['n/a'],['n/a'],['n/a']
ger,sniper3,5.0,8.0,2.0,0,58,0,soldier_9,squad_with1types,"['sniper3', '1']",['n/a'],['n/a'],['n/a'],['n/a'],['n/a'],['n/a'],['n/a'],['n/a']
ger_ss,snipers,5.0,8.0,2.0,0,58,0,soldier_9,squad_with1types,"['sniper', '1']",['n/a'],['n/a'],['n/a'],['n/a'],['n/a'],['n/a'],['n/a'],['n/a']
ger_ss,sniper3,5.0,8.0,2.0,0,58,0,soldier_9,squad_with1types,"['sniper3', '1']",['n/a'],['n/a'],['n/a'],['n/a'],['n/a'],['n/a'],['n/a'],['n/a']
ger,officers,-10.0,20.0,10.0,0,49,0,soldier_10,squad_with1types,"['oficer', '1']",['n/a'],['n/a'],['n/a'],['n/a'],['n/a'],['n/a'],['n/a'],['n/a']
ger_ss,officers,-10.0,20.0,10.0,0,49,0,soldier_10,squad_with1types,"['oficer', '1']",['n/a'],['n/a'],['n/a'],['n/a'],['n/a'],['n/a'],['n/a'],['n/a']
ger,snipers_d,5.0,8.0,2.0,0,58,0,soldier_12,squad_with1types,"['sniper', '1']",['n/a'],['n/a'],['n/a'],['n/a'],['n/a'],['n/a'],['n/a'],['n/a']
ger,radioman_mortar,5.0,20.0,1.0,0,39,0,radio_1,squad_with1types,"['radioman_mortar', '1']",['n/a'],['n/a'],['n/a'],['n/a'],['n/a'],['n/a'],['n/a'],['n/a']
ger2,home_guards,2.25,2.25,2.25,1,117,0,squad_1,squad_with3types,"['recon_sl', '1']","['recon_pzfst', '1']","['recon_mg', '1']",['n/a'],['n/a'],['n/a'],['n/a'],['n/a'],['n/a']
ger2,home_guards2,4.75,4.75,4.75,2,229,0,squad_1,squad_with5types,"['recon_sl_stg', '1']","['recon_sa', '1']","['recon_pzfst', '1']","['recon_rifle', '1']","['recon_mg', '2']",['n/a'],['n/a'],['n/a'],['n/a']
ger2,smgs,7.5,7.5,7.5,3,339,0,squad_2,squad_with8types,"['squadleader2', '1']","['sl_asst', '1']","['smg2', '1']","['stg', '1']","['smg3', '2']","['rifle_pzfst', '1']","['mgun', '1']","['mgun_asst', '1']",['n/a']
ger2,riflemans,8.75,8.75,8.75,3,340,0,squad_3,squad_with8types,"['squadleader', '1']","['sl_asst', '1']","['stg', '1']","['rifle2', '1']","['rifle_pzfst', '2']","['rifle_grenadier', '1']","['mgun', '1']","['mgun_asst', '1']",['n/a']
ger2,elites,12.5,12.5,12.5,4,427,0,squad_4,squad_with8types,"['jager_sl_stg', '1']","['jager_sl_stg_asst', '1']","['jager_stg', '1']","['jager_smg', '3']","['jager_sa', '1']","['jager_pzfst', '1']","['jager_mg', '1']","['jager_mg_asst', '1']",['n/a']
ger2,stormtroopers,13.0,13.0,13.0,6,600,0,squad_6,squad_with8types,"['sturmovik_sl', '1']","['sturmovik_sl_asst', '1']","['sturmovik', '1']","['sturmovik3', '2']","['sturmovik5b', '2']","['sturmovik4c', '1']","['sturmovik6', '1']","['sturmovik6b', '1']",['n/a']
ger2,elites_para,14.5,14.5,14.5,6,643,0,squad_6,squad_with7types,"['fallschirm_sl', '1']","['fallschirm_sl_asst_fg_44', '1']","['fallschirm_sniper', '1']","['fallschirm_grenadier', '2']","['fallschirm_pzfst_fg', '1']","['fallschirm_mg', '2']","['fallschirm_mg_asst', '2']",['n/a'],['n/a']
N/A,N/A,0,0,0,180,N/A,N/A,squad_7,vb3,['n/a'],['n/a'],['n/a'],['n/a'],['n/a'],['n/a'],['n/a'],['n/a'],['n/a']
ger2,ap_miners,4.0,4.0,4.0,1,147,1,squad_8,squad_with1types,"['ap_miner', '4']",['n/a'],['n/a'],['n/a'],['n/a'],['n/a'],['n/a'],['n/a'],['n/a']
ger2,at_miners,4.0,4.0,4.0,1,147,1,squad_9,squad_with1types,"['at_miner', '4']",['n/a'],['n/a'],['n/a'],['n/a'],['n/a'],['n/a'],['n/a'],['n/a']
ger2,sappers,2.0,2.0,2.0,0,73,0,squad_10,squad_with1types,"['saper', '2']",['n/a'],['n/a'],['n/a'],['n/a'],['n/a'],['n/a'],['n/a'],['n/a']
ger2,riflemans2,1.25,1.25,1.25,0,37,0,soldier_1,squad_with1types,"['rifle_single', '1']",['n/a'],['n/a'],['n/a'],['n/a'],['n/a'],['n/a'],['n/a'],['n/a']
ger2,smgs2,0.75,0.75,0.75,0,36,0,soldier_2,squad_with1types,"['smg', '1']",['n/a'],['n/a'],['n/a'],['n/a'],['n/a'],['n/a'],['n/a'],['n/a']
ger2,tankmans,1.5,7.0,1.5,1,165,2,soldier_3,squad_with2types,"['tankman2', '1']","['tankman', '4']",['n/a'],['n/a'],['n/a'],['n/a'],['n/a'],['n/a'],['n/a']
ger2,at_rifles,2.0,3.0,2.0,0,74,0,soldier_4,squad_with2types,"['at_rifle', '1']","['at_rifle2', '1']",['n/a'],['n/a'],['n/a'],['n/a'],['n/a'],['n/a'],['n/a']
ger2,at_rifles2,2.0,3.0,2.0,0,74,0,soldier_4,squad_with2types,"['at_rifle3', '1']","['at_rifle2', '1']",['n/a'],['n/a'],['n/a'],['n/a'],['n/a'],['n/a'],['n/a']
ger2,bazookers,2.0,3.0,2.0,0,73,0,soldier_5,squad_with1types,"['bazooker', '2']",['n/a'],['n/a'],['n/a'],['n/a'],['n/a'],['n/a'],['n/a'],['n/a']
ger2,bazooker3,2.0,3.0,2.0,0,74,0,soldier_55,squad_with2types,"['bazooker3', '1']","['bazooker2', '1']",['n/a'],['n/a'],['n/a'],['n/a'],['n/a'],['n/a'],['n/a']
ger2,mgs2,2.25,2.25,2.25,1,111,0,soldier_6,squad_with2types,"['mgun', '1']","['mgun_asst', '2']",['n/a'],['n/a'],['n/a'],['n/a'],['n/a'],['n/a'],['n/a']
ger2,stormtroopers2,2.5,2.5,2.5,1,128,0,soldier_5,squad_with2types,"['sturmovik5', '1']","['sturmovik5b', '1']",['n/a'],['n/a'],['n/a'],['n/a'],['n/a'],['n/a'],['n/a']
ger2,stormtroopers3,3.75,3.75,3.75,1,192,1,soldier_6,squad_with2types,"['sturmovik6', '1']","['sturmovik6b', '2']",['n/a'],['n/a'],['n/a'],['n/a'],['n/a'],['n/a'],['n/a']
ger2,flamers,2.0,2.0,2.0,0,73,0,soldier_8,squad_with2types,"['flamer', '1']","['flamer2', '1']",['n/a'],['n/a'],['n/a'],['n/a'],['n/a'],['n/a'],['n/a']
ger2,snipers,5.0,8.0,2.0,0,58,0,soldier_9,squad_with1types,"['sniper', '1']",['n/a'],['n/a'],['n/a'],['n/a'],['n/a'],['n/a'],['n/a'],['n/a']
ger2,officers,-10.0,20.0,10.0,0,49,0,soldier_10,squad_with1types,"['oficer', '1']",['n/a'],['n/a'],['n/a'],['n/a'],['n/a'],['n/a'],['n/a'],['n/a']
jap,home_guards,3.75,3.75,3.75,7,731,0,squad_1,squad_with3types,"['charger_rifle', '8']","['charger_smg', '4']","['charger_smg2', '3']",['n/a'],['n/a'],['n/a'],['n/a'],['n/a'],['n/a']
jap,smgs,7.75,7.75,7.75,5,555,0,squad_2,squad_with5types,"['squadleader2', '1']","['rifle2', '3']","['rifle2b', '1']","['smg2', '4']","['smg2b', '6']",['n/a'],['n/a'],['n/a'],['n/a']
jap,riflemans_t96,11.5,11.5,11.5,5,557,0,squad_3,squad_with6types,"['squadleader', '1']","['rifle', '6']","['rifleb', '4']","['smgb', '2']","['mgun2', '1']","['rifle_grenadier', '1']",['n/a'],['n/a'],['n/a']
jap,riflemans,11.5,11.5,11.5,5,557,0,squad_3,squad_with6types,"['squadleader', '1']","['rifle', '6']","['rifleb', '4']","['smgb', '2']","['mgun', '1']","['rifle_grenadier', '1']",['n/a'],['n/a'],['n/a']
jap,elites_ig,18.75,18.75,18.75,7,789,0,squad_55,squad_with6types,"['elite_ig1', '7']","['elite_ig1b', '2']","['elite_ig2', '2']","['elite_ig3b', '2']","['elite_ig4', '1']","['elite_ig_grenadier', '1']",['n/a'],['n/a'],['n/a']
jap,elites_takasago,22.5,22.5,22.5,9,914,0,squad_5,squad_with4types,"['elite_takasago_rifle', '2']","['elite_takasago_rifle2', '6']","['elite_takasago_smg2', '5']","['elite_takasago_lmg', '2']",['n/a'],['n/a'],['n/a'],['n/a'],['n/a']
jap,elites,18.0,18.0,18.0,9,903,0,squad_5,squad_with4types,"['elite', '6']","['elite2', '3']","['elite3', '2']","['elite4b', '4']",['n/a'],['n/a'],['n/a'],['n/a'],['n/a']
jap,elites_drop,n/a,n/a,n/a,9,903,0,squad_5,squad_with6types_vehicle,"['elite', '6']","['elite2', '3']","['elite3', '2']","['elite4b', '4']","['a', '0']","['a', '0']",['n/a'],['n/a'],['n/a']
jap,stormtroopers,20.75,20.75,20.75,9,964,0,squad_5,squad_with5types,"['sturmovikb', '4']","['sturmovik2', '2']","['sturmovik3', '1']","['sturmovik4', '5']","['sturmovik6b', '3']",['n/a'],['n/a'],['n/a'],['n/a']
jap,ap_miners,6.0,6.0,6.0,2,220,2,squad_7,squad_with1types,"['ap_miner', '6']",['n/a'],['n/a'],['n/a'],['n/a'],['n/a'],['n/a'],['n/a'],['n/a']
jap,at_miners,6.0,6.0,6.0,2,221,2,squad_8,squad_with1types,"['at_miner', '6']",['n/a'],['n/a'],['n/a'],['n/a'],['n/a'],['n/a'],['n/a'],['n/a']
jap,sappers,2.0,2.0,2.0,0,73,0,squad_9,squad_with1types,"['saper', '2']",['n/a'],['n/a'],['n/a'],['n/a'],['n/a'],['n/a'],['n/a'],['n/a']
jap,vehic_supporter,1.0,4.0,0.5,0,75,0,soldier_3,squad_with1types,"['vehicle_supporter', '2']",['n/a'],['n/a'],['n/a'],['n/a'],['n/a'],['n/a'],['n/a'],['n/a']
jap,tankmans,1.5,7.0,1.5,1,165,2,soldier_3,squad_with2types,"['tankman2', '1']","['tankman', '4']",['n/a'],['n/a'],['n/a'],['n/a'],['n/a'],['n/a'],['n/a']
jap,riflemans2b,0.75,0.75,0.75,0,36,0,soldier_1,squad_with1types,"['rifleb', '1']",['n/a'],['n/a'],['n/a'],['n/a'],['n/a'],['n/a'],['n/a'],['n/a']
jap,riflemans2,0.75,0.75,0.75,0,36,0,soldier_1,squad_with1types,"['rifle', '1']",['n/a'],['n/a'],['n/a'],['n/a'],['n/a'],['n/a'],['n/a'],['n/a']
jap,smgs2,0.75,0.75,0.75,0,36,0,soldier_2,squad_with1types,"['smg', '1']",['n/a'],['n/a'],['n/a'],['n/a'],['n/a'],['n/a'],['n/a'],['n/a']
jap,smgs2b,0.75,0.75,0.75,0,36,0,soldier_2,squad_with1types,"['smgb', '1']",['n/a'],['n/a'],['n/a'],['n/a'],['n/a'],['n/a'],['n/a'],['n/a']
jap,smg3,0.5,0.5,0.5,0,36,0,soldier_99,squad_with1types,"['smg3', '1']",['n/a'],['n/a'],['n/a'],['n/a'],['n/a'],['n/a'],['n/a'],['n/a']
jap,type89mortarinf,0.75,0.75,0.75,0,37,0,soldier_89,i_seq_with1types,"['light_mortar', '1']",['n/a'],['n/a'],['n/a'],['n/a'],['n/a'],['n/a'],['n/a'],['n/a']
jap,type89mortarinfx2,1.5,1.5,1.5,0,74,0,soldier_89,i_seq_with1types,"['light_mortar', '2']",['n/a'],['n/a'],['n/a'],['n/a'],['n/a'],['n/a'],['n/a'],['n/a']
jap,kamikaze,2.0,1.0,0.5,1,112,0,soldier_5,squad_with1types,"['kamikaze', '2']",['n/a'],['n/a'],['n/a'],['n/a'],['n/a'],['n/a'],['n/a'],['n/a']
jap,at_rifles,2.0,3.0,2.0,0,74,0,soldier_4,squad_with2types,"['at_rifle', '1']","['at_rifle2', '1']",['n/a'],['n/a'],['n/a'],['n/a'],['n/a'],['n/a'],['n/a']
jap,bazookers,2.0,3.0,2.0,0,73,0,soldier_5,squad_with2types,"['bazooker', '1']","['bazooker2', '1']",['n/a'],['n/a'],['n/a'],['n/a'],['n/a'],['n/a'],['n/a']
jap,stormtrooper5,2.5,2.5,2.5,1,128,0,soldier_5,squad_with2types,"['sturmovik5', '1']","['sturmovik5b', '1']",['n/a'],['n/a'],['n/a'],['n/a'],['n/a'],['n/a'],['n/a']
jap,mg3,1.5,1.5,1.5,0,73,0,soldier_6,squad_with2types,"['mgun3', '1']","['mg3_asst', '1']",['n/a'],['n/a'],['n/a'],['n/a'],['n/a'],['n/a'],['n/a']
jap,mgs2,1.5,1.5,1.5,0,73,0,soldier_6,squad_with2types,"['mgun', '1']","['mg_asst', '1']",['n/a'],['n/a'],['n/a'],['n/a'],['n/a'],['n/a'],['n/a']
jap,elite_ig2,5.0,5.0,5.0,2,210,2,squad_4,squad_with2types,"['elite_ig2', '1']","['elite_ig1', '3']",['n/a'],['n/a'],['n/a'],['n/a'],['n/a'],['n/a'],['n/a']
jap,elite3,4.5,4.5,4.5,1,182,1,squad_4,squad_with2types,"['elite_takasago_lmg', '1']","['elite_takasago_rifle', '2']",['n/a'],['n/a'],['n/a'],['n/a'],['n/a'],['n/a'],['n/a']
jap,stormtrooper6,5.0,5.0,5.0,2,257,2,squad_4,squad_with2types,"['sturmovik6', '1']","['sturmovik6b', '3']",['n/a'],['n/a'],['n/a'],['n/a'],['n/a'],['n/a'],['n/a']
jap,flamers,2.0,2.0,2.0,0,73,0,soldier_8,squad_with2types,"['flamer', '1']","['flamer2', '1']",['n/a'],['n/a'],['n/a'],['n/a'],['n/a'],['n/a'],['n/a']
jap,snipers2,5.0,8.0,2.0,0,60,0,soldier_9,squad_with1types,"['sniper2', '1']",['n/a'],['n/a'],['n/a'],['n/a'],['n/a'],['n/a'],['n/a'],['n/a']
jap,snipers,5.0,8.0,2.0,0,58,0,soldier_9,squad_with1types,"['sniper', '1']",['n/a'],['n/a'],['n/a'],['n/a'],['n/a'],['n/a'],['n/a'],['n/a']
jap,officers,-10.0,20.0,10.0,0,49,0,soldier_10,squad_with1types,"['oficer', '1']",['n/a'],['n/a'],['n/a'],['n/a'],['n/a'],['n/a'],['n/a'],['n/a']
jap,snipers_d,5.0,8.0,2.0,0,58,0,soldier_12,squad_with1types,"['sniper', '1']",['n/a'],['n/a'],['n/a'],['n/a'],['n/a'],['n/a'],['n/a'],['n/a']
rus,home_guards,2.75,2.75,2.75,3,340,0,partisan,squad_with5types,"['home_guard', '3']","['home_guard2', '4']","['home_guard3', '2']","['home_guard_at', '1']","['home_guard_mg', '1']",['n/a'],['n/a'],['n/a'],['n/a']
rus,smgs,5.75,5.75,5.75,3,373,0,squad_2,i_seq_with3types,"['squadleader2_43', '1']","['smg2_43', '1']","['smg2', '8']",['n/a'],['n/a'],['n/a'],['n/a'],['n/a'],['n/a']
rus,smgsv2,5.75,5.75,5.75,3,373,0,squad_2,i_seq_with3types,"['squadleader2_43', '1']","['smg2_43', '1']","['smg2', '8']",['n/a'],['n/a'],['n/a'],['n/a'],['n/a'],['n/a']
rus,smgsv3,5.75,5.75,5.75,3,373,0,squad_2,i_seq_with3types,"['squadleader2_43', '1']","['smg2_43', '1']","['smg2', '8']",['n/a'],['n/a'],['n/a'],['n/a'],['n/a'],['n/a']
rus,smgsv4,5.75,5.75,5.75,3,373,0,squad_2,i_seq_with3types,"['squadleader2_43', '1']","['smg2_43', '1']","['smg2', '8']",['n/a'],['n/a'],['n/a'],['n/a'],['n/a'],['n/a']
rus,smgsv5,5.75,5.75,5.75,3,373,0,squad_2,i_seq_with3types,"['squadleader2_43', '1']","['smg2_43', '1']","['smg2', '8']",['n/a'],['n/a'],['n/a'],['n/a'],['n/a'],['n/a']
rus,smgs_mot,5.75,5.75,5.75,3,373,6,squad_2,squad_with4types_vehicle,"['squadleader2_43', '1']","['smg2_43', '1']","['smg2', '8']",['n/a'],['n/a'],['n/a'],['n/a'],['n/a'],['n/a']
rus,sapper_squad,6.75,6.75,6.75,3,328,0,squad_2,squad_with7types,"['sapper_sl', '1']","['sapper_smg', '1']","['sapper_smg2', '2']","['sapper_rifle1', '1']","['sapper_rifle2', '1']","['sapper_rifle3', '1']","['sapper_rifle4', '2']",['n/a'],['n/a']
rus,riflemans,8.5,8.5,8.5,4,411,0,squad_2,i_seq_with6types,"['squadleader_smg', '1']","['smg', '3']","['rifle_sa', '2']","['rifle', '3']","['mgun', '1']","['mgun_asst', '1']",['n/a'],['n/a'],['n/a']
rus,riflemansv2,8.5,8.5,8.5,4,411,0,squad_2,i_seq_with6types,"['squadleader_smg', '1']","['smg', '3']","['rifle_sa', '2']","['rifle', '3']","['mgun', '1']","['mgun_asst', '1']",['n/a'],['n/a'],['n/a']
rus,riflemansv3,8.5,8.5,8.5,4,411,0,squad_2,i_seq_with6types,"['squadleader_smg', '1']","['smg', '3']","['rifle_sa', '2']","['rifle', '3']","['mgun', '1']","['mgun_asst', '1']",['n/a'],['n/a'],['n/a']
rus,riflemansv4,8.5,8.5,8.5,4,411,0,squad_2,i_seq_with6types,"['squadleader_smg', '1']","['smg', '3']","['rifle_sa', '2']","['rifle', '3']","['mgun', '1']","['mgun_asst', '1']",['n/a'],['n/a'],['n/a']
rus,riflemansv5,8.5,8.5,8.5,4,411,0,squad_2,i_seq_with6types,"['squadleader_smg', '1']","['smg', '3']","['rifle_sa', '2']","['rifle', '3']","['mgun', '1']","['mgun_asst', '1']",['n/a'],['n/a'],['n/a']
rus,riflemans_rifle,8.5,8.5,8.5,4,411,0,squad_2,i_seq_with6types,"['squadleader_smg', '1']","['smg', '1']","['rifle_sa', '1']","['rifle', '6']","['mgun', '1']","['mgun_asst', '1']",['n/a'],['n/a'],['n/a']
rus,riflemans_riflev2,8.5,8.5,8.5,4,411,0,squad_2,i_seq_with6types,"['squadleader_smg', '1']","['smg', '1']","['rifle_sa', '1']","['rifle', '6']","['mgun', '1']","['mgun_asst', '1']",['n/a'],['n/a'],['n/a']
rus,riflemans_riflev3,8.5,8.5,8.5,4,411,0,squad_2,i_seq_with6types,"['squadleader_smg', '1']","['smg', '1']","['rifle_sa', '1']","['rifle', '6']","['mgun', '1']","['mgun_asst', '1']",['n/a'],['n/a'],['n/a']
rus,riflemans_riflev4,8.5,8.5,8.5,4,411,0,squad_2,i_seq_with6types,"['squadleader_smg', '1']","['smg', '1']","['rifle_sa', '1']","['rifle', '6']","['mgun', '1']","['mgun_asst', '1']",['n/a'],['n/a'],['n/a']
rus,riflemans_riflev5,8.5,8.5,8.5,4,411,0,squad_2,i_seq_with6types,"['squadleader_smg', '1']","['smg', '1']","['rifle_sa', '1']","['rifle', '6']","['mgun', '1']","['mgun_asst', '1']",['n/a'],['n/a'],['n/a']
rus,riflemans_rifle_mot,8.5,8.5,8.5,4,411,8,squad_2,squad_with7types_vehicle,"['squadleader_smg', '1']","['smg', '1']","['rifle_sa', '1']","['rifle', '6']","['mgun', '1']","['mgun_asst', '1']",['n/a'],['n/a'],['n/a']
rus,shock_assault,9.0,9.0,9.0,3,378,0,squad_3,squad_with5types,"['shock_sl_smg', '1']","['shock_smg', '3']","['shock_smg2', '2']","['shock_smg3', '2']","['shock_flame', '1']",['n/a'],['n/a'],['n/a'],['n/a']
rus,shock_assault_mech,9.0,9.0,9.0,3,378,12,squad_3,squad_with6types_vehicle,"['shock_sl_smg', '1']","['shock_smg', '3']","['shock_smg2', '2']","['shock_smg3', '2']","['shock_flame', '1']",['n/a'],['n/a'],['n/a'],['n/a']
rus,shock,9.0,9.0,9.0,3,379,0,squad_3,squad_with6types,"['shock_sl', '1']","['shock_smg2', '2']","['shock_sa', '2']","['shock_rifle', '2']","['shock_mg', '1']","['shock_mg_asst', '1']",['n/a'],['n/a'],['n/a']
rus,elites,11.0,11.0,11.0,6,629,0,squad_5,squad_with4types,"['elite', '6']","['elite2', '3']","['elite3', '1']","['elite_mg_asst', '1']",['n/a'],['n/a'],['n/a'],['n/a'],['n/a']
rus,bsf_marines,16.5,16.5,16.5,6,642,0,squad_5,squad_with4types,"['bsf_marine', '4']","['bsf_marine2', '3']","['bsf_marine3', '2']","['bsf_marine_mg_asst', '2']",['n/a'],['n/a'],['n/a'],['n/a'],['n/a']
rus,paras,19.25,19.25,19.25,7,708,0,squad_5,squad_with7types,"['para_sl', '1']","['para_smg3', '2']","['para_sa', '2']","['para_rifle', '2']","['para_mg', '2']","['para_mg_asst', '2']",['n/a'],['n/a'],['n/a']
rus,paras_drop,19.25,19.25,19.25,7,708,0,squad_55,squad_with7types_vehicle,"['para_sl', '1']","['para_smg3', '2']","['para_sa', '2']","['para_rifle', '2']","['para_mg', '2']","['para_mg_asst', '2']",['n/a'],['n/a'],['n/a']
rus,ap_miners,4.0,4.0,4.0,1,147,1,squad_7,squad_with1types,"['ap_miner', '4']",['n/a'],['n/a'],['n/a'],['n/a'],['n/a'],['n/a'],['n/a'],['n/a']
rus,at_miners,4.0,4.0,4.0,1,147,1,squad_8,squad_with1types,"['at_miner', '4']",['n/a'],['n/a'],['n/a'],['n/a'],['n/a'],['n/a'],['n/a'],['n/a']
rus,sappers,2.0,2.0,2.0,0,73,0,squad_9,squad_with1types,"['saper', '2']",['n/a'],['n/a'],['n/a'],['n/a'],['n/a'],['n/a'],['n/a'],['n/a']
rus,vehic_supporter,1.0,4.0,0.5,0,75,0,soldier_3,squad_with1types,"['vehicle_supporter', '2']",['n/a'],['n/a'],['n/a'],['n/a'],['n/a'],['n/a'],['n/a'],['n/a']
rus,tankmans,1.5,7.0,1.5,1,165,2,soldier_3,squad_with2types,"['tankman2', '1']","['tankman', '4']",['n/a'],['n/a'],['n/a'],['n/a'],['n/a'],['n/a'],['n/a']
rus,elite_tankmans,0.5,2.2,0.5,0,37,0,soldier_3,squad_with1types,"['vet_tankman2', '1']",['n/a'],['n/a'],['n/a'],['n/a'],['n/a'],['n/a'],['n/a'],['n/a']
rus,riflemans2,0.75,0.75,0.75,0,36,0,soldier_1,squad_with1types,"['rifle', '1']",['n/a'],['n/a'],['n/a'],['n/a'],['n/a'],['n/a'],['n/a'],['n/a']
rus,rifle_sa,0.75,0.75,0.75,0,36,0,soldier_sa,squad_with1types,"['rifle_sa', '1']",['n/a'],['n/a'],['n/a'],['n/a'],['n/a'],['n/a'],['n/a'],['n/a']
rus,smgs2,0.75,0.75,0.75,0,36,0,soldier_2,squad_with1types,"['smg', '1']",['n/a'],['n/a'],['n/a'],['n/a'],['n/a'],['n/a'],['n/a'],['n/a']
rus,at_rifles,2.0,3.0,2.0,0,74,0,soldier_4,i_seq_with2types,"['at_rifle', '1']","['at_rifle2', '1']",['n/a'],['n/a'],['n/a'],['n/a'],['n/a'],['n/a'],['n/a']
rus,at_riflesv2,2.0,3.0,2.0,0,74,0,soldier_4,i_seq_with2types,"['at_rifle', '1']","['at_rifle2', '1']",['n/a'],['n/a'],['n/a'],['n/a'],['n/a'],['n/a'],['n/a']
rus,bazookers,2.0,3.0,2.0,0,73,0,soldier_5,squad_with2types,"['bazooker', '1']","['bazooker2', '1']",['n/a'],['n/a'],['n/a'],['n/a'],['n/a'],['n/a'],['n/a']
rus,mgs2,1.5,1.5,1.5,0,74,0,soldier_6,squad_with2types,"['mgun', '1']","['mgun_asst', '1']",['n/a'],['n/a'],['n/a'],['n/a'],['n/a'],['n/a'],['n/a']
rus,elite3,3.0,3.0,3.0,1,176,0,squad_4,squad_with2types,"['elite3', '1']","['elite', '2']",['n/a'],['n/a'],['n/a'],['n/a'],['n/a'],['n/a'],['n/a']
rus,flamers,2.0,2.0,2.0,0,73,0,soldier_8,squad_with2types,"['flamer', '1']","['flamer2', '1']",['n/a'],['n/a'],['n/a'],['n/a'],['n/a'],['n/a'],['n/a']
rus,snipers,10.0,16.0,4.0,1,117,1,soldier_9,squad_with1types,"['sniper', '2']",['n/a'],['n/a'],['n/a'],['n/a'],['n/a'],['n/a'],['n/a'],['n/a']
rus,snipers3,10.0,16.0,4.0,1,117,1,soldier_9,squad_with1types,"['sniper3', '2']",['n/a'],['n/a'],['n/a'],['n/a'],['n/a'],['n/a'],['n/a'],['n/a']
rus,officers,-10.0,20.0,10.0,0,49,0,soldier_10,squad_with1types,"['oficer', '1']",['n/a'],['n/a'],['n/a'],['n/a'],['n/a'],['n/a'],['n/a'],['n/a']
rus,snipers_d,5.0,8.0,2.0,0,58,0,soldier_12,squad_with1types,"['sniper', '1']",['n/a'],['n/a'],['n/a'],['n/a'],['n/a'],['n/a'],['n/a'],['n/a']
rus,radioman_mortar,5.0,20.0,1.0,0,39,0,radio_1,squad_with1types,"['radioman_mortar', '1']",['n/a'],['n/a'],['n/a'],['n/a'],['n/a'],['n/a'],['n/a'],['n/a']
rus_guard,recons,4.5,4.5,4.5,2,226,0,rus_guard,squad_with4types,"['recon_sl', '1']","['recon_smg2', '1']","['recon_smg', '3']","['recon_rifle', '1']",['n/a'],['n/a'],['n/a'],['n/a'],['n/a']
rus_guard,sapper_squad,6.5,6.5,6.5,2,292,0,squad_2,squad_with8types,"['sapper_sl', '1']","['sapper_smg', '1']","['sapper_smg2', '1']","['sapper_rifle1', '1']","['sapper_rifle2', '1']","['sapper_rifle3', '1']","['sapper_rifle4', '1']","['sapper_rifle5', '1']",['n/a']
rus_guard,specialinf_smg,12.5,12.5,12.5,3,372,0,rus_guard,squad_with3types,"['guard_sl', '1']","['guard_smg', '6']","['guard_smg2', '3']",['n/a'],['n/a'],['n/a'],['n/a'],['n/a'],['n/a']
rus_guard,specialinf_rifle,13.75,13.75,13.75,4,409,0,rus_guard,squad_with6types,"['guard_sl', '1']","['guard_smg2', '1']","['guard_sa', '2']","['guard_mg', '1']","['guard_mg_asst', '1']","['guard_rifle', '5']",['n/a'],['n/a'],['n/a']
rus_guard,specialinf,13.75,13.75,13.75,4,409,0,rus_guard,squad_with7types,"['guard_sl', '1']","['guard_smg', '1']","['guard_smg2', '2']","['guard_sa', '3']","['guard_mg', '1']","['guard_mg_asst', '1']","['guard_rifle', '2']",['n/a'],['n/a']
rus_guard,guards_shock_assault,16.5,16.5,16.5,4,464,0,rus_guard1,squad_with4types,"['guards_shock_sl_smg', '1']","['guards_shock_smg2', '4']","['guards_shock_smg3', '5']","['guards_shock_flame', '1']",['n/a'],['n/a'],['n/a'],['n/a'],['n/a']
rus_guard,guards_shock,16.5,16.5,16.5,4,464,0,rus_guard1,squad_with6types,"['guards_shock_sl', '1']","['guards_shock_smg3', '2']","['guards_shock_sa', '2']","['guards_shock_rifle', '2']","['guards_shock_mg', '2']","['guards_shock_mg_asst', '2']",['n/a'],['n/a'],['n/a']
rus_guard,elite_guards_smg,15.0,15.0,15.0,4,423,0,rus_guard2,squad_with3types,"['elite_guard_sl', '1']","['elite_guard_smg', '4']","['elite_guard_smg2', '5']",['n/a'],['n/a'],['n/a'],['n/a'],['n/a'],['n/a']
rus_guard,elite_guards,16.5,16.5,16.5,4,465,0,rus_guard3,squad_with6types,"['elite_guard_sl', '1']","['elite_guard_smg2', '3']","['elite_guard_sa', '2']","['elite_guard_mg', '1']","['elite_guard_mg_asst', '1']","['elite_guard_rifle', '3']",['n/a'],['n/a'],['n/a']
rus_guard,elite_guards_shock_assault,19.25,19.25,19.25,5,519,0,rus_guard2,squad_with4types,"['elite_guards_shock_sl_smg', '1']","['elite_guards_shock_smg2', '4']","['elite_guards_shock_smg3', '5']","['elite_guards_shock_flame', '1']",['n/a'],['n/a'],['n/a'],['n/a'],['n/a']
rus_guard,elite_guards_shock,n/a,n/a,n/a,5,520,0,rus_guard3,squad_with8types,"['elite_guards_shock_sl', '1']","['elite_guards_shock_smg3', '2']","['elite_guards_shock_sa', '2']","['elite_guards_shock_rifle', '2']","['elite_guards_shock_mg', '1']","['elite_guards_shock_mg_asst', '1']","['elite_guards_shock_mg2', '1']","['elite_guards_shock_mg2_asst', '1']",['n/a']
rus_guard,ap_miners,4.0,4.0,4.0,1,147,1,squad_7,squad_with1types,"['ap_miner', '4']",['n/a'],['n/a'],['n/a'],['n/a'],['n/a'],['n/a'],['n/a'],['n/a']
rus_guard,at_miners,4.0,4.0,4.0,1,147,1,squad_8,squad_with1types,"['at_miner', '4']",['n/a'],['n/a'],['n/a'],['n/a'],['n/a'],['n/a'],['n/a'],['n/a']
rus_guard,sappers,2.0,2.0,2.0,0,73,0,squad_9,squad_with1types,"['saper', '2']",['n/a'],['n/a'],['n/a'],['n/a'],['n/a'],['n/a'],['n/a'],['n/a']
rus_guard,vehic_supporter,1.0,4.0,0.5,0,75,0,soldier_3,squad_with1types,"['vehicle_supporter', '2']",['n/a'],['n/a'],['n/a'],['n/a'],['n/a'],['n/a'],['n/a'],['n/a']
rus_guard,tankmans,1.5,7.0,1.5,1,165,2,soldier_3,squad_with2types,"['tankman2', '1']","['tankman', '4']",['n/a'],['n/a'],['n/a'],['n/a'],['n/a'],['n/a'],['n/a']
rus_guard,elite_tankmans,0.5,2.2,0.5,0,37,0,soldier_3,squad_with1types,"['vet_tankman2', '1']",['n/a'],['n/a'],['n/a'],['n/a'],['n/a'],['n/a'],['n/a'],['n/a']
rus_guard,riflemans2,1.25,1.25,1.25,0,36,0,soldier_1,squad_with1types,"['guard_rifle', '1']",['n/a'],['n/a'],['n/a'],['n/a'],['n/a'],['n/a'],['n/a'],['n/a']
rus_guard,rifle_sa,1.25,1.25,1.25,0,36,0,soldier_sa,squad_with1types,"['guard_sa', '1']",['n/a'],['n/a'],['n/a'],['n/a'],['n/a'],['n/a'],['n/a'],['n/a']
rus_guard,smg,1.25,1.25,1.25,0,36,0,soldier_2,squad_with1types,"['guard_smg', '1']",['n/a'],['n/a'],['n/a'],['n/a'],['n/a'],['n/a'],['n/a'],['n/a']
rus_guard,smg2,1.25,1.25,1.25,0,36,0,soldier_2,squad_with1types,"['guard_smg2', '1']",['n/a'],['n/a'],['n/a'],['n/a'],['n/a'],['n/a'],['n/a'],['n/a']
rus_guard,at_rifles,2.0,3.0,2.0,0,74,0,soldier_4,squad_with2types,"['at_rifle', '1']","['at_rifle2', '1']",['n/a'],['n/a'],['n/a'],['n/a'],['n/a'],['n/a'],['n/a']
rus_guard,bazookers,2.0,3.0,2.0,0,73,0,soldier_5,squad_with2types,"['bazooker', '1']","['bazooker2', '1']",['n/a'],['n/a'],['n/a'],['n/a'],['n/a'],['n/a'],['n/a']
rus_guard,bazookers_piat,2.0,3.0,2.0,0,72,0,soldier_55,squad_with2types,"['bazooker_piat', '1']","['bazooker2_piat', '1']",['n/a'],['n/a'],['n/a'],['n/a'],['n/a'],['n/a'],['n/a']
rus_guard,mgs2,2.5,2.5,2.5,0,73,0,soldier_6,squad_with2types,"['guard_mg', '1']","['guard_mg_asst', '1']",['n/a'],['n/a'],['n/a'],['n/a'],['n/a'],['n/a'],['n/a']
rus_guard,snipers,10.0,16.0,4.0,1,117,1,soldier_9,squad_with1types,"['sniper', '2']",['n/a'],['n/a'],['n/a'],['n/a'],['n/a'],['n/a'],['n/a'],['n/a']
rus_guard,snipers3,10.0,16.0,4.0,1,117,1,soldier_9,squad_with1types,"['sniper3', '2']",['n/a'],['n/a'],['n/a'],['n/a'],['n/a'],['n/a'],['n/a'],['n/a']
rus_guard,officers,-10.0,20.0,10.0,0,49,0,soldier_10,squad_with1types,"['oficer', '1']",['n/a'],['n/a'],['n/a'],['n/a'],['n/a'],['n/a'],['n/a'],['n/a']
usa,smgs,9.25,9.25,9.25,4,446,0,squad_2,squad_with4types,"['armor_squadleader', '1']","['armor_rifle', '10']","['armor_rifle_grenadier', '1']",['n/a'],['n/a'],['n/a'],['n/a'],['n/a'],['n/a']
usa,riflemans,9.25,9.25,9.25,4,449,0,squad_3,squad_with6types,"['squadleader', '1']","['rifle', '7']","['rifle_grenadier', '1']","['mgun', '1']","['mgun_asst', '1']","['rifle_at', '1']",['n/a'],['n/a'],['n/a']
usa,riflemans_bar,9.5,10.0,9.5,4,450,0,squad_3,squad_with6types,"['squadleader', '1']","['rifle', '4']","['rifle_grenadier', '2']","['mgun', '2']","['mgun_asst', '2']","['bazooker', '1']",['n/a'],['n/a'],['n/a']
usa,riflemans_assault,9.25,9.25,9.25,4,449,0,squad_3,squad_with6types,"['squadleader', '1']","['rifle', '5']","['rifle_grenadier', '3']","['mgun', '1']","['mgun_asst', '1']","['rifle_at', '1']",['n/a'],['n/a'],['n/a']
usa,mech_armor_rifles,7.75,7.75,7.75,3,373,72,squad_33,squad_with5types_vehicle,"['armor_rifle', '7']","['armor_squadleader', '1']","['armor_rifle_grenadier', '1']","['armor_mgun', '1']",['n/a'],['n/a'],['n/a'],['n/a'],['n/a']
usa,engineers,9.25,9.25,9.25,4,447,0,squad_31,squad_with8types,"['engineer_squadleader', '1']","['engineer_grenadier', '2']","['engineer_at', '1']","['engineer_flamer', '1']","['engineer', '4']","['engineer2', '1']","['engineer3', '1']","['engineer4', '1']",['n/a']
usa,specialinf,9.75,9.75,9.75,5,589,0,squad_6,squad_with6types,"['elite4_sgt', '1']","['elite5', '4']","['elite5_grenadier', '1']","['elite6', '3']","['elite6_asst', '3']","['marine_shotgun', '1']",['n/a'],['n/a'],['n/a']
usa,elites,14.5,14.5,14.5,6,622,0,squad_5,squad_with9types,"['elite_sgt', '1']","['elite', '2']","['elitec', '1']","['eliteb', '3']","['elite_grenadier', '1']","['elite3', '1']","['elite3_asst', '1']","['elite3b', '1']","['elite3b_asst', '1']"
usa,elites_drop,14.5,14.5,14.5,6,622,0,squad_5,squad_with9types_vehicle,"['elite_sgt', '1']","['elite', '2']","['elitec', '1']","['eliteb', '3']","['elite_grenadier', '1']","['elite3', '1']","['elite3_asst', '1']","['elite3b', '1']","['elite3b_asst', '1']"
usa,elites_101st,21.0,21.0,21.0,7,769,0,squad_5,squad_with9types,"['elite_101st_para_sgt', '1']","['elite_101st_para', '1']","['elite_101st_parab', '2']","['elite_101st_para_grenadier', '1']","['elite_101st_para3', '2']","['elite_101st_para3_asst', '2']","['elite_101st_para3b', '1']","['elite_101st_para3b_asst', '1']","['elite_101st_para4', '1']"
usa,elites_101st_drop,21.0,21.0,21.0,7,769,0,squad_5,squad_with9types_vehicle,"['elite_101st_para_sgt', '1']","['elite_101st_para', '1']","['elite_101st_parab', '2']","['elite_101st_para_grenadier', '1']","['elite_101st_para3', '2']","['elite_101st_para3_asst', '2']","['elite_101st_para3b', '1']","['elite_101st_para3b_asst', '1']","['elite_101st_para4', '1']"
usa,paramarines,18.0,18.0,18.0,7,701,0,squad_5,squad_with8types,"['paramarine_sgt', '1']","['paramarine2', '1']","['paramarine', '1']","['paramarineb', '3']","['paramarine_grenadier', '1']","['paramarine3', '2']","['paramarine3_asst', '2']","['paramarine_boys', '1']",['n/a']
usa,paramarines_drop,n/a,n/a,n/a,6,643,0,squad_5,squad_with7types_vehicle,"['paramarine_sgt', '1']","['paramarine2', '1']","['paramarine', '1']","['paramarineb', '3']","['paramarine_grenadier', '1']","['paramarine3', '2']","['paramarine3_asst', '2']","['paramarineb_boys_at', '1']",['n/a']
usa,stormtroopers,16.0,16.0,16.0,7,753,0,squad_5,squad_with8types,"['sturmovik_sgt', '1']","['sturmovik', '1']","['sturmovik2', '2']","['sturmovik2_asst', '2']","['sturmovik5', '1']","['sturmovik4', '2']","['sturmovik_grenadier', '1']","['sturmovik4b', '2']",['n/a']
usa,stormtroopers_assault,16.25,16.25,16.25,7,747,0,squad_5,squad_with7types,"['sturmovik_sgt', '1']","['sturmovik1', '2']","['sturmovik2', '1']","['sturmovik4', '5']","['sturmovik_grenadier', '1']","['sturmovik6_mg', '1']","['sturmovik6b', '1']",['n/a'],['n/a']
usa,stormtroopers_heavy,15.75,15.75,15.75,7,758,0,squad_5,squad_with8types,"['sturmovik_sgt', '1']","['sturmovik', '2']","['sturmovik2', '2']","['sturmovik5', '2']","['sturmovik4', '2']","['sturmovik_grenadier', '1']","['sturmovik4b', '1']","['sturmovik_sniper', '1']",['n/a']
usa,devils_brigade,18.0,18.0,18.0,7,706,7,squad_5,squad_with6types,"['devil_brigade_sl', '1']","['devil_brigade_demo', '3']","['devil_brigade_radio', '1']","['devil_brigade_grenadier', '2']","['devil_brigade_mg', '1']","['devil_brigade_rifle', '4']",['n/a'],['n/a'],['n/a']
N/A,N/A,0,0,0,380,N/A,N/A,squad_5,vb3,['n/a'],['n/a'],['n/a'],['n/a'],['n/a'],['n/a'],['n/a'],['n/a'],['n/a']
usa,ap_miners,4.0,4.0,4.0,1,147,1,squad_7,squad_with1types,"['ap_miner', '4']",['n/a'],['n/a'],['n/a'],['n/a'],['n/a'],['n/a'],['n/a'],['n/a']
usa,at_miners,4.0,4.0,4.0,1,147,1,squad_8,squad_with1types,"['at_miner', '4']",['n/a'],['n/a'],['n/a'],['n/a'],['n/a'],['n/a'],['n/a'],['n/a']
usa,sappers,2.0,2.0,2.0,0,73,0,squad_9,squad_with1types,"['saper', '2']",['n/a'],['n/a'],['n/a'],['n/a'],['n/a'],['n/a'],['n/a'],['n/a']
usa,vehic_supporter,1.0,4.0,0.5,0,75,0,soldier_3,squad_with1types,"['vehicle_supporter', '2']",['n/a'],['n/a'],['n/a'],['n/a'],['n/a'],['n/a'],['n/a'],['n/a']
usa,tankmans,1.5,7.0,1.5,1,165,2,soldier_3,squad_with2types,"['tankman2', '1']","['tankman', '4']",['n/a'],['n/a'],['n/a'],['n/a'],['n/a'],['n/a'],['n/a']
usa,elite_tankmans,0.5,2.2,0.5,0,37,0,soldier_3,squad_with1types,"['vet_tankman2', '1']",['n/a'],['n/a'],['n/a'],['n/a'],['n/a'],['n/a'],['n/a'],['n/a']
usa,riflemans2,0.75,0.75,0.75,0,36,0,soldier_1,squad_with1types,"['rifle', '1']",['n/a'],['n/a'],['n/a'],['n/a'],['n/a'],['n/a'],['n/a'],['n/a']
usa,rifle3,0.5,0.5,0.5,0,36,0,soldier_sa,squad_with1types,"['rifle3', '1']",['n/a'],['n/a'],['n/a'],['n/a'],['n/a'],['n/a'],['n/a'],['n/a']
usa,smgs2,0.75,0.75,0.75,0,36,0,soldier_2,squad_with1types,"['smg', '1']",['n/a'],['n/a'],['n/a'],['n/a'],['n/a'],['n/a'],['n/a'],['n/a']
usa,shotguns,1.0,1.0,1.0,0,42,0,soldier_4,squad_with1types,"['marine_shotgun', '1']",['n/a'],['n/a'],['n/a'],['n/a'],['n/a'],['n/a'],['n/a'],['n/a']
usa,bazookers,2.0,3.0,2.0,0,73,0,soldier_5,squad_with2types,"['bazooker', '1']","['bazooker2', '1']",['n/a'],['n/a'],['n/a'],['n/a'],['n/a'],['n/a'],['n/a']
usa,stormtrooper5,2.5,2.5,2.5,1,128,0,soldier_5,squad_with2types,"['sturmovik5', '1']","['sturmovik5b', '1']",['n/a'],['n/a'],['n/a'],['n/a'],['n/a'],['n/a'],['n/a']
usa,stormtrooper_at,1.25,1.25,1.25,0,64,0,soldier_5,squad_with1types,"['sturmovik3', '1']",['n/a'],['n/a'],['n/a'],['n/a'],['n/a'],['n/a'],['n/a'],['n/a']
usa,mgs2,2.25,2.25,2.25,1,111,0,soldier_6,squad_with3types,"['mgun', '1']","['mgun_asst', '1']","['rifle', '1']",['n/a'],['n/a'],['n/a'],['n/a'],['n/a'],['n/a']
usa,mg2,2.25,2.25,2.25,1,110,0,soldier_6,squad_with3types,"['mgun2', '1']","['mgun2_asst', '1']","['rifle', '1']",['n/a'],['n/a'],['n/a'],['n/a'],['n/a'],['n/a']
usa,elite3,3.5,3.5,3.5,1,165,1,squad_4,squad_with3types,"['elite3', '1']","['elite3_asst', '1']","['eliteb', '1']",['n/a'],['n/a'],['n/a'],['n/a'],['n/a'],['n/a']
usa,elite6,2.5,2.5,2.5,1,184,1,squad_4,squad_with3types,"['elite6', '1']","['elite6_asst', '1']","['elite5', '2']",['n/a'],['n/a'],['n/a'],['n/a'],['n/a'],['n/a']
usa,elite_101st_para3,5.25,5.25,5.25,1,192,1,squad_4,squad_with3types,"['elite_101st_para3', '1']","['elite_101st_para3_asst', '1']","['elite_101st_para', '1']",['n/a'],['n/a'],['n/a'],['n/a'],['n/a'],['n/a']
usa,stormtrooper6,5.75,5.75,5.75,2,239,2,squad_4,squad_with3types,"['sturmovik6', '1']","['sturmovik2_asst', '1']","['sturmovik1', '2']",['n/a'],['n/a'],['n/a'],['n/a'],['n/a'],['n/a']
usa,elite3b,3.75,3.75,3.75,1,143,1,squad_4,squad_with3types,"['elite3b', '1']","['elite3b_asst', '1']","['eliteb', '1']",['n/a'],['n/a'],['n/a'],['n/a'],['n/a'],['n/a']
usa,paramarine3,6.0,6.0,6.0,2,233,2,squad_4,squad_with3types,"['paramarine3', '1']","['paramarine3_asst', '1']","['paramarineb', '2']",['n/a'],['n/a'],['n/a'],['n/a'],['n/a'],['n/a']
usa,elite_101st_para3b,5.25,5.25,5.25,1,192,1,squad_4,squad_with3types,"['elite_101st_para3b', '1']","['elite_101st_para3b_asst', '1']","['elite_101st_para', '1']",['n/a'],['n/a'],['n/a'],['n/a'],['n/a'],['n/a']
usa,flamers,2.0,2.0,2.0,0,73,0,soldier_8,squad_with2types,"['flamer', '1']","['flamer2', '1']",['n/a'],['n/a'],['n/a'],['n/a'],['n/a'],['n/a'],['n/a']
usa,snipers,5.0,8.0,2.0,0,58,0,soldier_9,squad_with1types,"['sniper', '1']",['n/a'],['n/a'],['n/a'],['n/a'],['n/a'],['n/a'],['n/a'],['n/a']
usa,officers,-10.0,20.0,10.0,0,49,0,soldier_10,squad_with1types,"['oficer', '1']",['n/a'],['n/a'],['n/a'],['n/a'],['n/a'],['n/a'],['n/a'],['n/a']
usa,radioman_mortar,5.0,20.0,1.0,0,39,0,radio_1,squad_with1types,"['radioman_mortar', '1']",['n/a'],['n/a'],['n/a'],['n/a'],['n/a'],['n/a'],['n/a'],['n/a']
usa,radioman_105,n/a,n/a,n/a,0,36,0,radio_1,squad_with1types,"['radioman_105', '1']",['n/a'],['n/a'],['n/a'],['n/a'],['n/a'],['n/a'],['n/a'],['n/a']
usa,radioman_155,n/a,n/a,n/a,0,36,0,radio_1,squad_with1types,"['radioman_155', '1']",['n/a'],['n/a'],['n/a'],['n/a'],['n/a'],['n/a'],['n/a'],['n/a']
usa,radioman_240,5.0,20.0,1.0,0,39,0,radio_1,squad_with1types,"['radioman_240', '1']",['n/a'],['n/a'],['n/a'],['n/a'],['n/a'],['n/a'],['n/a'],['n/a']
